Workbook

Sheet 梁段划分
A1: 梁段编号 | B1: C1 | C1: B1 | D1: A | E1: A | F1: A | G1: A | H1: A | I1: A | J1: A | K1: B2 | L1: C2
A2: 顶板厚(mm) | B2: 16 | C2: 16 | D2: 16 | K2: 16 | L2: 16
A3: 顶板加劲尺寸(mm) | B3: U 300×8、12×140 | C3: U 300×8、12×140 | D3: U 300×8、12×140 | K3: U 300×8、12×140 | L3: U 300×8、12×140
A4: 底板厚(mm) | B4: 24 | C4: 32 | D4: 28 | K4: 32 | L4: 24
A5: 底板加劲尺寸(mm) | B5: 12×140 | C5: 12×140 | D5: 12×140 | K5: 12×140 | L5: 12×140
A6: 腹板厚(mm) | B6: 14 | C6: 14 | D6: 14 | K6: 14 | L6: 14
A7: 腹板加劲尺寸(mm) | B7: 12×140 | C7: 12×140 | D7: 12×140 | K7: 12×140 | L7: 12×140
A19: 吊索编号 | B19: 1 | C19: 2 | D19: 3 | E19: 4 | F19: 5 | G19: 6 | H19: 7 | I19: 8 | J19: 9 | K19: 10 | L19: 11 | M19: 12 | N19: 13 | O19: 14 | P19: 15 | Q19: 16 | R19: 17 | S19: 18 | T19: 19
A20: 吊索型号 | B20: PES7-85 | D20: PES7-73 | S20: PES7-85
A21: 吊索倾角α(°) | B21: 91.136097 | C21: 86.573859 | D21: 84.670368 | E21: 83.650438 | F21: 83.033914 | G21: 82.638479 | H21: 82.380767 | I21: 82.218362 | J21: 82.12873 | K21: 82.100517 | L21: 82.145937 | M21: 82.25337 | N21: 82.434737 | O21: 82.713153 | P21: 83.131484 | Q21: 83.772742 | R21: 84.815013 | S21: 86.713527 | T21: 91.055335
A22: 单根吊索长L(m) | B22: 9.0522364 | C22: 13.796947 | D22: 18.029097 | E22: 21.719208 | F22: 24.860683 | G22: 27.451481 | H22: 29.491056 | I22: 30.979505 | J22: 31.917277 | K22: 32.305036 | L22: 31.984504 | M22: 31.113992 | N22: 29.692866 | O22: 27.720728 | P22: 25.197544 | Q22: 22.12397 | R22: 18.502226 | S22: 14.339593 | T22: 9.6677192
A23: 单根吊索钢丝重(kg) | B23: =B22*25.6 -> 231.73725 | C23: =C22*25.6 -> 353.20183 | D23: =D22*22 -> 396.64014 | E23: =E22*22 -> 477.82257 | F23: =F22*22 -> 546.93503 | G23: =G22*22 -> 603.93259 | H23: =H22*22 -> 648.80322 | I23: =I22*22 -> 681.54912 | J23: =J22*22 -> 702.1801 | K23: =K22*22 -> 710.71079 | ... R23: =R22*22 -> 407.04897 | S23: =S22*25.6 -> 367.09358 | T23: =T22*25.6 -> 247.49361
A24: 全桥根数 | B24: 2 | C24: 2 | D24: 2 | E24: 2 | F24: 2 | G24: 2 | H24: 2 | I24: 2 | J24: 2 | K24: 2 | L24: 2 | M24: 2 | N24: 2 | O24: 2 | P24: 2 | Q24: 2 | R24: 2 | S24: 2 | T24: 2
A25: 全桥吊索钢丝重(kg) | B25: =B24*B23 -> 463.47451 | C25: =C24*C23 -> 706.40367 | D25: =D24*D23 -> 793.28027 | E25: =E24*E23 -> 955.64515 | F25: =F24*F23 -> 1093.8701 | G25: =G24*G23 -> 1207.8652 | H25: =H24*H23 -> 1297.6064 | I25: =I24*I23 -> 1363.0982 | ... T25: =T24*T23 -> 494.98723
C30: 单位 | D30: 吊索
A31: 吊索 | B31: PES7-73 | C31: kg | D31: =SUM(C25:S25) -> 19176.514
B32: PES7-85 | C32: kg | D32: =B25+T25 -> 958.46173
A33: 合计 | C33: kg | D33: =D31+D32 -> 20134.976

Sheet A类梁段
B2: 参数 | C2: L | D2: L1 | E2: L2 | F2: L3 | G2: L5 | H2: L6 | I2: α
C3: mm | D3: mm | E3: mm | F3: mm | G3: mm | H3: mm | I3: 度(°) | N3: sin角度 | O3: 斜边 | P3: cos角度 | Q3: 临边
B4: 吊索4 | C4: 1063.3828 | D4: 1163.6172 | E4: 1052.6172 | F4: 804.38278 | G4: 269.12767 | H4: 2573.8723 | I4: 83.650438 | N4: =SIN(I4*PI()/180) -> 0.99386566 | O4: =100/N4 -> 100.61722 | P4: =COS(I4*PI()/180) -> 0.11059407 | Q4: =P4*O4 -> 11.127668
B5: 吊索5 | C5: 1064.2563 | D5: 1170.7437 | E5: 1048.7437 | F5: 803.25632 | G5: 245.21838 | H5: 2596.7816 | I5: 83.033914 | N5: =SIN(I5*PI()/180) -> 0.99261811 | O5: =100/N5 -> 100.74368 | P5: =COS(I5*PI()/180) -> 0.12128182 | Q5: =P5*O5 -> 12.218376
B6: 吊索6 | C6: 1065.1689 | D6: 1175.8311 | E6: 1045.8311 | F6: 803.16889 | G6: 229.91945 | H6: 2611.0806 | I6: 82.638479 | N6: =SIN(I6*PI()/180) -> 0.99175744 | O6: =100/N6 -> 100.83111 | P6: =COS(I6*PI()/180) -> 0.12812958 | Q6: =P6*O6 -> 12.919447
B7: 吊索7 | C7: 1066.1092 | D7: 1178.8908 | E7: 1043.8908 | F7: 803.10924 | G7: 220.37702 | H7: 2619.623 | I7: 82.380767 | N7: =SIN(I7*PI()/180) -> 0.99117109 | O7: =100/N7 -> 100.89076 | P7: =COS(I7*PI()/180) -> 0.13258911 | Q7: =P7*O7 -> 13.377016
B8: 吊索8 | C8: 1066.0706 | D8: 1179.9294 | E8: 1043.9294 | F8: 803.07057 | G8: 213.66565 | H8: 2626.3344 | I8: 82.218362 | N8: =SIN(I8*PI()/180) -> 0.99079128 | O8: =100/N8 -> 100.92943 | P8: =COS(I8*PI()/180) -> 0.13539805 | Q8: =P8*O8 -> 13.665648
B9: 吊索9 | C9: 1067.0489 | D9: 1181.9511 | E9: 1042.9511 | F9: 803.04886 | G9: 210.82504 | H9: 2629.175 | I9: 82.12873 | N9: =SIN(I9*PI()/180) -> 0.99057826 | O9: =100/N9 -> 100.95114 | P9: =COS(I9*PI()/180) -> 0.13694785 | Q9: =P9*O9 -> 13.825041
B10: 吊索10 | C10: 1067.042 | D10: 1181.958 | E10: 1042.958 | F10: 803.04198 | G10: 209.87523 | H10: 2630.1248 | I10: 82.100517 | N10: =SIN(I10*PI()/180) -> 0.9905107 | O10: =100/N10 -> 100.95802 | P10: =COS(I10*PI()/180) -> 0.13743561 | Q10: =P10*O10 -> 13.875227
B11: 吊索11 | C11: 1067.0531 | D11: 1180.9469 | E11: 1042.9469 | F11: 803.05305 | G11: 210.79444 | H11: 2628.2056 | I11: 82.145937 | N11: =SIN(I11*PI()/180) -> 0.99061934 | O11: =100/N11 -> 100.94695 | P11: =COS(I11*PI()/180) -> 0.13665036 | Q11: =P11*O11 -> 13.794437
B12: 吊索12 | C12: 1066.079 | D12: 1179.921 | E12: 1043.921 | F12: 803.07898 | G12: 215.60341 | H12: 2624.3966 | I12: 82.25337 | N12: =SIN(I12*PI()/180) -> 0.99087383 | O12: =100/N12 -> 100.92102 | P12: =COS(I12*PI()/180) -> 0.13479264 | Q12: =P12*O12 -> 13.603412
B13: 吊索13 | C13: 1066.1219 | D13: 1177.8781 | E13: 1044.8781 | F13: 803.12191 | G13: 222.28115 | H13: 2617.7189 | I13: 82.434737 | N13: =SIN(I13*PI()/180) -> 0.99129554 | O13: =100/N13 -> 100.87809 | P13: =COS(I13*PI()/180) -> 0.13165541 | Q13: =P13*O13 -> 13.281146
B14: 吊索14 | C14: 1065.1858 | D14: 1174.8142 | E14: 1046.8142 | F14: 802.18578 | G14: 232.78696 | H14: 2608.213 | I14: 82.713153 | N14: =SIN(I14*PI()/180) -> 0.99192359 | O14: =100/N14 -> 100.81422 | P14: =COS(I14*PI()/180) -> 0.1268369 | Q14: =P14*O14 -> 12.786963
B15: 吊索15 | C15: 1064.2771 | D15: 1169.7229 | E15: 1048.7229 | F15: 803.27713 | G15: 249.04558 | H15: 2592.9544 | I15: 83.131484 | N15: =SIN(I15*PI()/180) -> 0.99282321 | O15: =100/N15 -> 100.72287 | P15: =COS(I15*PI()/180) -> 0.1195913 | Q15: =P15*O15 -> 12.045578
... B17: 吊索17 | C17: 1061.5891 | D17: 1150.4109 | E17: 1060.4109 | F17: 805.58913 | G17: 313.07429 | H17: 2531.9257 | I17: 84.815013 | N17: =SIN(I17*PI()/180) -> 0.99590811 | O17: =100/N17 -> 100.41087 | P17: =COS(I17*PI()/180) -> 0.090371621 | Q17: =P17*O17 -> 9.0742931
B28: 编号 | C28: 规格(mm) | D28: 数量 | E28: 单件重(kg) | F28: 共重(kg) | I28: 长边 | J28: 厚度 | K28: 短边 | L28: 侧面S | M28: 涂装
B29: T1 | C29: =CONCATENATE("□",I29,"×",J29,"×",K29) -> □18000×16×40000 | D29: 1 | E29: =IF(L29>0,(L29*J29/1000000000*7850),(I29*J29*K29/1000000000*7850)) -> 90432 | F29: =D29*E29 -> 90432 | I29: 18000 | J29: 16 | K29: 40000 | M29: =IF(L29>0,(L29*2/1000000),(I29*K29*2/1000000)) -> 1440 | N29: =D29*M29 -> 1440
B30: TJ1 | C30: =CONCATENATE("□",I30,"×",J30,"×",K30) -> □460×24×18000 | D30: 2 | E30: =IF(L30>0,(L30*J30/1000000000*7850),(I30*J30*K30/1000000000*7850)) -> 1559.952 | F30: =D30*E30 -> 3119.904 | I30: 460 | J30: 24 | K30: 18000 | M30: =IF(L30>0,(L30*2/1000000),(I30*K30*2/1000000)) -> 16.56 | N30: =D30*M30 -> 33.12
B31: TJ2 | C31: =CONCATENATE("□",I31,"×",J31,"×",K31) -> □140×12×18000 | D31: =(9+9+1)*2 -> 38 | E31: =IF(L31>0,(L31*J31/1000000000*7850),(I31*J31*K31/1000000000*7850)) -> 237.384 | F31: =D31*E31 -> 9020.592 | I31: 140 | J31: 12 | K31: 18000 | M31: =IF(L31>0,(L31*2/1000000),(I31*K31*2/1000000)) -> 5.04 | N31: =D31*M31 -> 191.52
B32: TU1 | C32: =CONCATENATE("U",I32,"×",J32,"×",K32) -> U300×8×18000 | D32: 40 | E32: =L32*I32/1000000000*7850 -> 13.425314 | F32: =D32*E32 -> 537.01257 | I32: 300 | J32: 8 | K32: 18000 | L32: 5700.7704 | M32: =1441.6181*I32/1000000 -> 0.43248543 | N32: =D32*M32 -> 17.299417
B33: D1 | C33: =CONCATENATE("□",I33,"×",J33,"×",K33) -> □500×16×19518 | D33: 6 | E33: =IF(L33>0,(L33*J33/1000000000*7850),(I33*J33*K33/1000000000*7850)) -> 1225.7304 | F33: =D33*E33 -> 7354.3824 | I33: 500 | J33: 16 | K33: =9759*2 -> 19518 | M33: =IF(L33>0,(L33*2/1000000),(I33*K33*2/1000000)) -> 19.518 | N33: =D33*M33 -> 117.108
B34: D2 | C34: =CONCATENATE("□",I34,"×",J34,"×",K34) -> □3990×28×18000 | D34: 2 | E34: =IF(L34>0,(L34*J34/1000000000*7850),(I34*J34*K34/1000000000*7850)) -> 15786.036 | F34: =D34*E34 -> 31572.072 | I34: 3990 | J34: 28 | K34: 18000 | M34: =IF(L34>0,(L34*2/1000000),(I34*K34*2/1000000)) -> 143.64 | N34: =D34*M34 -> 287.28
B35: D3 | C35: =CONCATENATE("□",I35,"×",J35,"×",K35) -> □380×16×4828 | D35: 12 | E35: =IF(L35>0,(L35*J35/1000000000*7850),(I35*J35*K35/1000000000*7850)) -> 230.43078 | F35: =D35*E35 -> 2765.1694 | I35: 380 | J35: 16 | K35: 4828 | M35: =IF(L35>0,(L35*2/1000000),(I35*K35*2/1000000)) -> 3.66928 | N35: =D35*M35 -> 44.03136
B36: DJ1 | C36: =CONCATENATE("□",I36,"×",J36,"×",K36) -> □140×12×18000 | D36: 14 | E36: =IF(L36>0,(L36*J36/1000000000*7850),(I36*J36*K36/1000000000*7850)) -> 237.384 | F36: =D36*E36 -> 3323.376 | I36: 140 | J36: 12 | K36: 18000 | M36: =IF(L36>0,(L36*2/1000000),(I36*K36*2/1000000)) -> 5.04 | N36: =D36*M36 -> 70.56
B37: F1 | C37: =CONCATENATE("□",I37,"×",J37,"×",K37) -> □2991×14×18000 | D37: 2 | E37: =IF(L37>0,(L37*J37/1000000000*7850),(I37*J37*K37/1000000000*7850)) -> 5916.7962 | F37: =D37*E37 -> 11833.592 | I37: 2991 | J37: 14 | K37: 18000 | M37: =IF(L37>0,(L37*2/1000000),(I37*K37*2/1000000)) -> 107.676 | N37: =D37*M37 -> 215.352
B38: F2 | C38: =CONCATENATE("□",I38,"×",J38,"×",K38) -> □2283×14×18000 | D38: 2 | E38: =IF(L38>0,(L38*J38/1000000000*7850),(I38*J38*K38/1000000000*7850)) -> 4516.2306 | F38: =D38*E38 -> 9032.4612 | I38: 2283 | J38: 14 | K38: 18000 | M38: =IF(L38>0,(L38*2/1000000),(I38*K38*2/1000000)) -> 82.188 | N38: =D38*M38 -> 164.376
B39: FJ1 | C39: =CONCATENATE("□",I39,"×",J39,"×",K39) -> □140×12×18000 | D39: 18 | E39: =IF(L39>0,(L39*J39/1000000000*7850),(I39*J39*K39/1000000000*7850)) -> 237.384 | F39: =D39*E39 -> 4272.912 | I39: 140 | J39: 12 | K39: 18000 | M39: =IF(L39>0,(L39*2/1000000),(I39*K39*2/1000000)) -> 5.04 | N39: =D39*M39 -> 90.72
B40: FJ2 | C40: =CONCATENATE("□",I40,"×",J40,"×",K40) -> □234×16×450 | D40: 16 | E40: =IF(L40>0,(L40*J40/1000000000*7850),(I40*J40*K40/1000000000*7850)) -> 13.22568 | F40: =D40*E40 -> 211.61088 | I40: 234 | J40: 16 | K40: 450 | M40: =IF(L40>0,(L40*2/1000000),(I40*K40*2/1000000)) -> 0.2106 | N40: =D40*M40 -> 3.3696
B41: FJ3 | C41: =CONCATENATE("□",I41,"×",J41,"×",K41) -> □226×16×450 | D41: 8 | E41: =IF(L41>0,(L41*J41/1000000000*7850),(I41*J41*K41/1000000000*7850)) -> 12.77352 | F41: =D41*E41 -> 102.18816 | I41: 226 | J41: 16 | K41: 450 | M41: =IF(L41>0,(L41*2/1000000),(I41*K41*2/1000000)) -> 0.2034 | N41: =D41*M41 -> 1.6272
B42: HG1 | C42: =CONCATENATE("□",I42,"×",J42,"×",K42) -> □2384×12×19864 | D42: 6 | E42: =IF(L42>0,(L42*J42/1000000000*7850),(I42*J42*K42/1000000000*7850)) -> 4011.9568 | F42: =D42*E42 -> 24071.741 | I42: 2384 | J42: 12 | K42: 19864 | L42: =2*21294887.2264 -> 42589774 | M42: =IF(L42>0,(L42*2/1000000),(I42*K42*2/1000000)) -> 85.179549 | N42: =D42*M42 -> 511.07729
B43: HG2 | C43: =CONCATENATE("□",I43,"×",J43,"×",K43) -> □2241×12×6336 | D43: 8 | E43: =IF(L43>0,(L43*J43/1000000000*7850),(I43*J43*K43/1000000000*7850)) -> 912.42917 | F43: =D43*E43 -> 7299.4333 | I43: 2241 | J43: 12 | K43: 6336 | L43: 9686084.6 | M43: =IF(L43>0,(L43*2/1000000),(I43*K43*2/1000000)) -> 19.372169 | N43: =D43*M43 -> 154.97735
B44: HG3 | C44: =CONCATENATE("□",I44,"×",J44,"×",K44,"(平均)") -> □2283×28×3139(平均) | D44: 4 | E44: =IF(L44>0,(L44*J44/1000000000*7850),(I44*J44*K44/1000000000*7850)) -> 1321.0959 | F44: =D44*E44 -> 5284.3835 | I44: 2283 | J44: 28 | K44: 3139 | L44: 6010445.3 | M44: =IF(L44>0,(L44*2/1000000),(I44*K44*2/1000000)) -> 12.020891 | N44: =D44*M44 -> 48.083563
B45: HG4 | C45: =CONCATENATE("□",I45,"×",J45,"×",K45,"(平均)") -> □2189×28×2889(平均) | D45: 4 | E45: =IF(L45>0,(L45*J45/1000000000*7850),(I45*J45*K45/1000000000*7850)) -> 705.59954 | F45: =D45*E45 -> 2822.3982 | I45: 2189 | J45: 28 | K45: 2889 | L45: 3210189 | M45: =IF(L45>0,(L45*2/1000000),(I45*K45*2/1000000)) -> 6.420378 | N45: =D45*M45 -> 25.681512
B46: HG5 | C46: =CONCATENATE("□",I46,"×",J46,"×",K46) -> □789×12×4820 | D46: 12 | E46: =IF(L46>0,(L46*J46/1000000000*7850),(I46*J46*K46/1000000000*7850)) -> 230.03078 | F46: =D46*E46 -> 2760.3694 | I46: 789 | J46: 12 | K46: 4820 | L46: 2441940.4 | M46: =IF(L46>0,(L46*2/1000000),(I46*K46*2/1000000)) -> 4.8838807 | N46: =D46*M46 -> 58.606569
B47: HJ1 | C47: =CONCATENATE("□",I47,"×",J47,"×",K47) -> □140×12×19180 | D47: 12 | E47: =IF(L47>0,(L47*J47/1000000000*7850),(I47*J47*K47/1000000000*7850)) -> 252.94584 | F47: =D47*E47 -> 3035.3501 | I47: 140 | J47: 12 | K47: =9590*2 -> 19180 | M47: =IF(L47>0,(L47*2/1000000),(I47*K47*2/1000000)) -> 5.3704 | N47: =D47*M47 -> 64.4448
B48: HJ2 | C48: =CONCATENATE("□",I48,"×",J48,"×",K48) -> □180×12×1884 | D48: 24 | E48: =IF(L48>0,(L48*J48/1000000000*7850),(I48*J48*K48/1000000000*7850)) -> 31.945104 | F48: =D48*E48 -> 766.6825 | I48: 180 | J48: 12 | K48: 1884 | M48: =IF(L48>0,(L48*2/1000000),(I48*K48*2/1000000)) -> 0.67824 | N48: =D48*M48 -> 16.27776
B49: HJ3 | C49: =CONCATENATE("□",I49,"×",J49,"×",K49) -> □180×12×1857 | D49: 24 | E49: =IF(L49>0,(L49*J49/1000000000*7850),(I49*J49*K49/1000000000*7850)) -> 31.487292 | F49: =D49*E49 -> 755.69501 | I49: 180 | J49: 12 | K49: 1857 | M49: =IF(L49>0,(L49*2/1000000),(I49*K49*2/1000000)) -> 0.66852 | N49: =D49*M49 -> 16.04448
B50: HJ4 | C50: =CONCATENATE("□",I50,"×",J50,"×",K50) -> □180×12×1830 | D50: 24 | E50: =IF(L50>0,(L50*J50/1000000000*7850),(I50*J50*K50/1000000000*7850)) -> 31.02948 | F50: =D50*E50 -> 744.70752 | I50: 180 | J50: 12 | K50: 1830 | M50: =IF(L50>0,(L50*2/1000000),(I50*K50*2/1000000)) -> 0.6588 | N50: =D50*M50 -> 15.8112
B51: HJ5 | C51: =CONCATENATE("□",I51,"×",J51,"×",K51) -> □180×12×1803 | D51: 24 | E51: =IF(L51>0,(L51*J51/1000000000*7850),(I51*J51*K51/1000000000*7850)) -> 30.571668 | F51: =D51*E51 -> 733.72003 | I51: 180 | J51: 12 | K51: 1803 | M51: =IF(L51>0,(L51*2/1000000),(I51*K51*2/1000000)) -> 0.64908 | N51: =D51*M51 -> 15.57792
B52: HJ6 | C52: =CONCATENATE("□",I52,"×",J52,"×",K52) -> □180×12×1776 | D52: 24 | E52: =IF(L52>0,(L52*J52/1000000000*7850),(I52*J52*K52/1000000000*7850)) -> 30.113856 | F52: =D52*E52 -> 722.73254 | I52: 180 | J52: 12 | K52: 1776 | M52: =IF(L52>0,(L52*2/1000000),(I52*K52*2/1000000)) -> 0.63936 | N52: =D52*M52 -> 15.34464
B53: HJ7 | C53: =CONCATENATE("□",I53,"×",J53,"×",K53) -> □100×10×5014 | D53: 8 | E53: =IF(L53>0,(L53*J53/1000000000*7850),(I53*J53*K53/1000000000*7850)) -> 39.3599 | F53: =D53*E53 -> 314.8792 | I53: 100 | J53: 10 | K53: 5014 | M53: =IF(L53>0,(L53*2/1000000),(I53*K53*2/1000000)) -> 1.0028 | N53: =D53*M53 -> 8.0224
B54: HJ7a | C54: =CONCATENATE("□",I54,"×",J54,"×",K54) -> □100×10×2600 | D54: 8 | E54: =IF(L54>0,(L54*J54/1000000000*7850),(I54*J54*K54/1000000000*7850)) -> 20.41 | F54: =D54*E54 -> 163.28 | I54: 100 | J54: 10 | K54: 2600 | M54: =IF(L54>0,(L54*2/1000000),(I54*K54*2/1000000)) -> 0.52 | N54: =D54*M54 -> 4.16
B55: HJ7b | C55: =CONCATENATE("□",I55,"×",J55,"×",K55) -> □100×10×1500 | D55: 4 | E55: =IF(L55>0,(L55*J55/1000000000*7850),(I55*J55*K55/1000000000*7850)) -> 11.775 | F55: =D55*E55 -> 47.1 | I55: 100 | J55: 10 | K55: 1500 | M55: =IF(L55>0,(L55*2/1000000),(I55*K55*2/1000000)) -> 0.3 | N55: =D55*M55 -> 1.2
B56: HJ8 | C56: =CONCATENATE("□",I56,"×",J56,"×",K56) -> □100×10×3584 | D56: 8 | E56: =IF(L56>0,(L56*J56/1000000000*7850),(I56*J56*K56/1000000000*7850)) -> 28.1344 | F56: =D56*E56 -> 225.0752 | I56: 100 | J56: 10 | K56: 3584 | M56: =IF(L56>0,(L56*2/1000000),(I56*K56*2/1000000)) -> 0.7168 | N56: =D56*M56 -> 5.7344
B57: HJ8a | C57: =CONCATENATE("□",I57,"×",J57,"×",K57) -> □100×10×2065 | D57: 8 | E57: =IF(L57>0,(L57*J57/1000000000*7850),(I57*J57*K57/1000000000*7850)) -> 16.21025 | F57: =D57*E57 -> 129.682 | I57: 100 | J57: 10 | K57: 2065 | M57: =IF(L57>0,(L57*2/1000000),(I57*K57*2/1000000)) -> 0.413 | N57: =D57*M57 -> 3.304
B58: HJ8b | C58: =CONCATENATE("□",I58,"×",J58,"×",K58) -> □100×10×1623 | D58: 8 | E58: =IF(L58>0,(L58*J58/1000000000*7850),(I58*J58*K58/1000000000*7850)) -> 12.74055 | F58: =D58*E58 -> 101.9244 | I58: 100 | J58: 10 | K58: 1623 | M58: =IF(L58>0,(L58*2/1000000),(I58*K58*2/1000000)) -> 0.3246 | N58: =D58*M58 -> 2.5968
B59: HJ9 | C59: =CONCATENATE("□",I59,"×",J59,"×",K59) -> □100×10×1379 | D59: 8 | E59: =IF(L59>0,(L59*J59/1000000000*7850),(I59*J59*K59/1000000000*7850)) -> 10.82515 | F59: =D59*E59 -> 86.6012 | I59: 100 | J59: 10 | K59: 1379 | M59: =IF(L59>0,(L59*2/1000000),(I59*K59*2/1000000)) -> 0.2758 | N59: =D59*M59 -> 2.2064
... B66: HJ10 | C66: =CONCATENATE("□",I66,"×",J66,"×",K66) -> □110×10×3748 | D66: 8 | E66: =IF(L66>0,(L66*J66/1000000000*7850),(I66*J66*K66/1000000000*7850)) -> 32.36398 | F66: =D66*E66 -> 258.91184 | I66: 110 | J66: 10 | K66: 3748 | M66: =IF(L66>0,(L66*2/1000000),(I66*K66*2/1000000)) -> 0.82456 | N66: =D66*M66 -> 6.59648
B67: HJ10a | C67: =CONCATENATE("□",I67,"×",J67,"×",K67,"(平均)") -> □550×24×3520(平均) | D67: 4 | E67: =IF(L67>0,(L67*J67/1000000000*7850),(I67*J67*K67/1000000000*7850)) -> 364.7424 | F67: =D67*E67 -> 1458.9696 | I67: 550 | J67: 24 | K67: 3520 | M67: =IF(L67>0,(L67*2/1000000),(I67*K67*2/1000000)) -> 3.872 | N67: =D67*M67 -> 15.488
B68: HJ11 | C68: =CONCATENATE("□",I68,"×",J68,"×",K68) -> □134×12×300 | D68: 24 | E68: =IF(L68>0,(L68*J68/1000000000*7850),(I68*J68*K68/1000000000*7850)) -> 3.78684 | F68: =D68*E68 -> 90.88416 | I68: 134 | J68: 12 | K68: 300 | M68: =IF(L68>0,(L68*2/1000000),(I68*K68*2/1000000)) -> 0.0804 | N68: =D68*M68 -> 1.9296
B69: HJ11a | C69: =CONCATENATE("□",I69,"×",J69,"×",K69) -> □134×12×400 | D69: 24 | E69: =IF(L69>0,(L69*J69/1000000000*7850),(I69*J69*K69/1000000000*7850)) -> 5.04912 | F69: =D69*E69 -> 121.17888 | I69: 134 | J69: 12 | K69: 400 | M69: =IF(L69>0,(L69*2/1000000),(I69*K69*2/1000000)) -> 0.1072 | N69: =D69*M69 -> 2.5728
B70: S1 | C70: =CONCATENATE("□",I70,"×",J70,"×",K70) -> □420×50×420 | D70: 4 | E70: =IF(L70>0,(L70*J70/1000000000*7850),(I70*J70*K70/1000000000*7850)) -> 69.237 | F70: =D70*E70 -> 276.948 | I70: 420 | J70: 50 | K70: 420 | M70: =IF(L70>0,(L70*2/1000000),(I70*K70*2/1000000)) -> 0.3528 | N70: =D70*M70 -> 1.4112
B71: S2 | C71: =CONCATENATE("φ(内)",I71,"×",J71,"×",K71,"(平均)") -> φ(内)991×24×257(平均) | D71: 4 | E71: =21186.9009*K71/1000000000*7850 -> 42.743513 | F71: =D71*E71 -> 170.97405 | I71: =1491-500 -> 991 | J71: 24 | K71: 257 | M71: =IF(L71>0,(L71*2/1000000),(I71*K71*2/1000000)) -> 0.509374 | N71: =D71*M71 -> 2.037496
B72: S3 | C72: =CONCATENATE("□",I72,"×",J72,"×",K72) -> □100×16×750 | D72: 24 | E72: =IF(L72>0,(L72*J72/1000000000*7850),(I72*J72*K72/1000000000*7850)) -> 9.263 | F72: =D72*E72 -> 222.312 | I72: 100 | J72: 16 | K72: 750 | L72: 73750 | M72: =IF(L72>0,(L72*2/1000000),(I72*K72*2/1000000)) -> 0.1475 | N72: =D72*M72 -> 3.54
B73: 合计（kg） | F73: =SUM(F29:F72) -> 226755.65
B74: 焊缝1.5%（kg） | F74: =F73*0.015 -> 3401.3348
B75: 总计（kg） | F75: =F73+F74 -> 230156.99
B83: 单个梁段 | E83: 全桥合计（7）
B84: 材料 | C84: 规格 | D84: 数量
C85: mm | D85: kg | E85: kg
B86: 钢材(Q345D) | C86: t=10 | D86: =SUMIF($J$29:$J$72,"10",$F$29:$F$72) -> 1839.9018 | E86: =D86*7 -> 12879.313
C87: t=12 | D87: =SUMIF($J$29:$J$72,"12",$F$29:$F$72) -> 57719.374 | E87: =D87*7 -> 404035.62
C88: t=14 | D88: =SUMIF($J$29:$J$72,"14",$F$29:$F$72) -> 20866.054 | E88: =D88*7 -> 146062.38
C89: t=16 | D89: =SUMIF($J$29:$J$72,"16",$F$29:$F$72) -> 101087.66 | E89: =D89*7 -> 707613.64
C90: t=24 | D90: =SUMIF($J$29:$J$72,"24",$F$29:$F$72) -> 4749.8477 | E90: =D90*7 -> 33248.934
C91: t=28 | D91: =SUMIF($J$29:$J$72,"28",$F$29:$F$72) -> 39678.854 | E91: =D91*7 -> 277751.98
C92: t=50 | D92: =SUMIF($J$29:$J$72,"50",$F$29:$F$72) -> 276.948 | E92: =D92*7 -> 1938.636
C93: U型肋(t=8) | D93: =SUMIF($J$29:$J$72,"8",$F$29:$F$72) -> 537.01257 | E93: =D93*7 -> 3759.088
C94: 合计 | D94: =SUM(D86:D93) -> 226755.65 | E94: =D94*7 -> 1587289.6
C95: 焊缝1.5% | D95: =D94*0.015 -> 3401.3348 | E95: =D95*7 -> 23809.344
C96: 总计 | D96: =D94+D95 -> 230156.99 | E96: =D96*7 -> 1611098.9
B97: 涂装 | C97: 内涂装 | D97: =SUM(N29:N72)-D98 -> 1376.2761 | E97: =D97*7 -> 9633.933
C98: 外涂装 | D98: =(N29+N34+N37+N38)/2+(N29/2)*0.6815+N33+N42+SUM(N47:N52) -> 2315.8701 | E98: =D98*7 -> 16211.091

Sheet B1类梁段
B2: 参数 | C2: L1 | D2: L2 | E2: L3 | F2: L4
C3: mm | D3: mm | E3: mm | F3: mm
B4: HG2 | C4: 4820 | D4: 4073 | E4: 1073 | F4: =1558-500 -> 1058
B5: HG3 | C5: 4820 | D5: 4073 | E5: 1073
B6: HG4 | C6: 4581 | D6: 3853 | E6: 1045.8311
B7: HG5 | C7: 4342 | D7: 3633 | E7: 1029 | F7: =1560-500 -> 1060
B8: HG6 | C8: 4157 | D8: 3463 | E8: 999
B9: HG7 | C9: 3864 | D9: 3193 | E9: 967
B10: HG8 | C10: 3625 | D10: 2973 | E10: 940 | F10: =1562-500 -> 1062
A21: 位置 | B21: 编号 | C21: 规格(mm) | D21: 数量 | E21: 单件重(kg) | F21: 共重(kg) | I21: 长边 | J21: 厚度 | K21: 短边 | L21: 侧面S | M21: 涂装
A22: 顶板 | B22: T1 | C22: =CONCATENATE("□",I22,"×",J22,"×",K22) -> □19600×16×43398 | D22: 1 | E22: =IF(L22>0,(L22*J22/1000000000*7850),(I22*J22*K22/1000000000*7850)) -> 101730.84 | F22: =D22*E22 -> 101730.84 | I22: 19600 | J22: 16 | K22: 43398 | L22: =404979457.4716*2 -> 8.0995891e+08 | M22: =IF(L22>0,(L22*2/1000000),(I22*K22*2/1000000)) -> 1619.9178 | N22: =D22*M22 -> 1619.9178
B23: TJ1 | C23: =CONCATENATE("□",I23,"×",J23,"×",K23) -> □460×24×19682 | D23: 2 | E23: =IF(L23>0,(L23*J23/1000000000*7850),(I23*J23*K23/1000000000*7850)) -> 1705.7208 | F23: =D23*E23 -> 3411.4417 | I23: 460 | J23: 24 | K23: 19682 | M23: =IF(L23>0,(L23*2/1000000),(I23*K23*2/1000000)) -> 18.10744 | N23: =D23*M23 -> 36.21488
B24: TJ2 | C24: =CONCATENATE("□",I24,"×",J24,"×",K24,"(总长)") -> □140×12×793814(总长) | D24: 1 | E24: =IF(L24>0,(L24*J24/1000000000*7850),(I24*J24*K24/1000000000*7850)) -> 10468.819 | F24: =D24*E24 -> 10468.819 | I24: 140 | J24: 12 | K24: =396907*2 -> 793814 | M24: =IF(L24>0,(L24*2/1000000),(I24*K24*2/1000000)) -> 222.26792 | N24: =D24*M24 -> 222.26792
B25: TU1 | C25: =CONCATENATE("U",I25,"×",J25,"×",K25) -> U300×8×19600 | D25: 40 | E25: =L25*I25/1000000000*7850 -> 13.425314 | F25: =D25*E25 -> 537.01257 | I25: 300 | J25: 8 | K25: 19600 | L25: 5700.7704 | M25: =IF(L25>0,(L25*2/1000000),(I25*K25*2/1000000)) -> 0.011401541 | N25: =D25*M25 -> 0.45606163
A26: 底板 | B26: D1 | C26: =CONCATENATE("□",I26,"×",J26,"×",K26) -> □500×16×19518 | D26: 7 | E26: =IF(L26>0,(L26*J26/1000000000*7850),(I26*J26*K26/1000000000*7850)) -> 1225.7304 | F26: =D26*E26 -> 8580.1128 | I26: 500 | J26: 16 | K26: =9759*2 -> 19518 | M26: =IF(L26>0,(L26*2/1000000),(I26*K26*2/1000000)) -> 19.518 | N26: =D26*M26 -> 136.626
B27: D2 | C27: =CONCATENATE("□",I27,"×",J27,"×",K27) -> □6898×32×19600 | D27: 2 | E27: =IF(L27>0,(L27*J27/1000000000*7850),(I27*J27*K27/1000000000*7850)) -> 25224.284 | F27: =D27*E27 -> 50448.568 | I27: 6898 | J27: 32 | K27: 19600 | L27: 1.0041514e+08 | M27: =IF(L27>0,(L27*2/1000000),(I27*K27*2/1000000)) -> 200.83029 | N27: =D27*M27 -> 401.66058
B28: D3 | C28: =CONCATENATE("□",I28,"×",J28,"×",K28,"(平均)") -> □380×16×4239(平均) | D28: 14 | E28: =IF(L28>0,(L28*J28/1000000000*7850),(I28*J28*K28/1000000000*7850)) -> 202.31899 | F28: =D28*E28 -> 2832.4659 | I28: 380 | J28: 16 | K28: =(4836+3642)/2 -> 4239 | M28: =IF(L28>0,(L28*2/1000000),(I28*K28*2/1000000)) -> 3.22164 | N28: =D28*M28 -> 45.10296
B29: DJ1 | C29: =CONCATENATE("□",I29,"×",J29,"×",K29,"(总长)") -> □140×12×380836(总长) | D29: 1 | E29: =IF(L29>0,(L29*J29/1000000000*7850),(I29*J29*K29/1000000000*7850)) -> 5022.4652 | F29: =D29*E29 -> 5022.4652 | I29: 140 | J29: 12 | K29: =190418*2 -> 380836 | M29: =IF(L29>0,(L29*2/1000000),(I29*K29*2/1000000)) -> 106.63408 | N29: =D29*M29 -> 106.63408
A30: 腹板 | B30: F1 | C30: =CONCATENATE("□",I30,"×",J30,"×",K30) -> □3031×14×19600 | D30: 2 | E30: =IF(L30>0,(L30*J30/1000000000*7850),(I30*J30*K30/1000000000*7850)) -> 6528.8952 | F30: =D30*E30 -> 13057.79 | I30: 3031 | J30: 14 | K30: 19600 | M30: =IF(L30>0,(L30*2/1000000),(I30*K30*2/1000000)) -> 118.8152 | N30: =D30*M30 -> 237.6304
B31: F2 | C31: =CONCATENATE("□",I31,"×",J31,"×",K31) -> □2283×14×19600 | D31: 2 | E31: =IF(L31>0,(L31*J31/1000000000*7850),(I31*J31*K31/1000000000*7850)) -> 4917.6733 | F31: =D31*E31 -> 9835.3466 | I31: 2283 | J31: 14 | K31: 19600 | M31: =IF(L31>0,(L31*2/1000000),(I31*K31*2/1000000)) -> 89.4936 | N31: =D31*M31 -> 178.9872
B32: F3 | C32: =CONCATENATE("□",I32,"×",J32,"×",K32) -> □2179×20×8771 | D32: 2 | E32: =IF(L32>0,(L32*J32/1000000000*7850),(I32*J32*K32/1000000000*7850)) -> 2824.5273 | F32: =D32*E32 -> 5649.0545 | I32: 2179 | J32: 20 | K32: 8771 | L32: 17990620 | M32: =IF(L32>0,(L32*2/1000000),(I32*K32*2/1000000)) -> 35.981239 | N32: =D32*M32 -> 71.962478
B33: FJ1 | C33: =CONCATENATE("□",I33,"×",J33,"×",K33,"(总长)") -> □140×12×420800(总长) | D33: 1 | E33: =IF(L33>0,(L33*J33/1000000000*7850),(I33*J33*K33/1000000000*7850)) -> 5549.5104 | F33: =D33*E33 -> 5549.5104 | I33: 140 | J33: 12 | K33: =19600*9*2+8500*8 -> 420800 | M33: =IF(L33>0,(L33*2/1000000),(I33*K33*2/1000000)) -> 117.824 | N33: =D33*M33 -> 117.824
B34: FJ2 | C34: =CONCATENATE("□",I34,"×",J34,"×",K34) -> □184×16×450 | D34: 16 | E34: =IF(L34>0,(L34*J34/1000000000*7850),(I34*J34*K34/1000000000*7850)) -> 10.39968 | F34: =D34*E34 -> 166.39488 | I34: 184 | J34: 16 | K34: 450 | M34: =IF(L34>0,(L34*2/1000000),(I34*K34*2/1000000)) -> 0.1656 | N34: =D34*M34 -> 2.6496
B35: FJ3 | C35: =CONCATENATE("□",I35,"×",J35,"×",K35) -> □176×16×450 | D35: 12 | E35: =IF(L35>0,(L35*J35/1000000000*7850),(I35*J35*K35/1000000000*7850)) -> 9.94752 | F35: =D35*E35 -> 119.37024 | I35: 176 | J35: 16 | K35: 450 | M35: =IF(L35>0,(L35*2/1000000),(I35*K35*2/1000000)) -> 0.1584 | N35: =D35*M35 -> 1.9008
A36: 横隔板 | B36: HG1 | C36: =CONCATENATE("□",I36,"×",J36,"×",K36) -> □2384×12×19864 | D36: 7 | E36: =IF(L36>0,(L36*J36/1000000000*7850),(I36*J36*K36/1000000000*7850)) -> 4011.9568 | F36: =D36*E36 -> 28083.697 | I36: 2384 | J36: 12 | K36: 19864 | L36: =2*21294887.2264 -> 42589774 | M36: =IF(L36>0,(L36*2/1000000),(I36*K36*2/1000000)) -> 85.179549 | N36: =D36*M36 -> 596.25684
B37: HG2 | C37: =CONCATENATE("□",I37,"×",J37,"×",K37) -> □2241×28×3138 | D37: 2 | E37: =IF(L37>0,(L37*J37/1000000000*7850),(I37*J37*K37/1000000000*7850)) -> 1315.3228 | F37: =D37*E37 -> 2630.6456 | I37: 2241 | J37: 28 | K37: 3138 | L37: 5984180.1 | M37: =IF(L37>0,(L37*2/1000000),(I37*K37*2/1000000)) -> 11.96836 | N37: =D37*M37 -> 23.93672
B38: HG2a | C38: =CONCATENATE("□",I38,"×",J38,"×",K38) -> □2190×28×2889 | D38: 2 | E38: =IF(L38>0,(L38*J38/1000000000*7850),(I38*J38*K38/1000000000*7850)) -> 709.24329 | F38: =D38*E38 -> 1418.4866 | I38: 2190 | J38: 28 | K38: 2889 | L38: 3226766.6 | M38: =IF(L38>0,(L38*2/1000000),(I38*K38*2/1000000)) -> 6.4535331 | N38: =D38*M38 -> 12.907066
B39: HG3 | C39: =CONCATENATE("□",I39,"×",J39,"×",K39) -> □2241×12×6335 | D39: 2 | E39: =IF(L39>0,(L39*J39/1000000000*7850),(I39*J39*K39/1000000000*7850)) -> 961.93587 | F39: =D39*E39 -> 1923.8717 | I39: 2241 | J39: 12 | K39: 6335 | L39: =11217890.0408-1006256.5949 -> 10211633 | M39: =IF(L39>0,(L39*2/1000000),(I39*K39*2/1000000)) -> 20.423267 | N39: =D39*M39 -> 40.846534
B40: HG4 | C40: =CONCATENATE("□",I40,"×",J40,"×",K40) -> □2241×12×6860 | D40: 2 | E40: =IF(L40>0,(L40*J40/1000000000*7850),(I40*J40*K40/1000000000*7850)) -> 1018.3017 | F40: =D40*E40 -> 2036.6034 | I40: 2241 | J40: 12 | K40: 6860 | L40: 10809997 | M40: =IF(L40>0,(L40*2/1000000),(I40*K40*2/1000000)) -> 21.619993 | N40: =D40*M40 -> 43.239987
B41: HG5 | C41: =CONCATENATE("□",I41,"×",J41,"×",K41) -> □2241×28×3139 | D41: 2 | E41: =IF(L41>0,(L41*J41/1000000000*7850),(I41*J41*K41/1000000000*7850)) -> 1313.3798 | F41: =D41*E41 -> 2626.7597 | I41: 2241 | J41: 28 | K41: 3139 | L41: 5975340.4 | M41: =IF(L41>0,(L41*2/1000000),(I41*K41*2/1000000)) -> 11.950681 | N41: =D41*M41 -> 23.901362
B42: HG5a | C42: =CONCATENATE("□",I42,"×",J42,"×",K42) -> □2190×28×3937 | D42: 2 | E42: =IF(L42>0,(L42*J42/1000000000*7850),(I42*J42*K42/1000000000*7850)) -> 1197.1311 | F42: =D42*E42 -> 2394.2621 | I42: 2190 | J42: 28 | K42: 3937 | L42: 5446456.2 | M42: =IF(L42>0,(L42*2/1000000),(I42*K42*2/1000000)) -> 10.892912 | N42: =D42*M42 -> 21.785825
B43: HG6 | C43: =CONCATENATE("□",I43,"×",J43,"×",K43) -> □2179×12×4207 | D43: 2 | E43: =IF(L43>0,(L43*J43/1000000000*7850),(I43*J43*K43/1000000000*7850)) -> 692.57593 | F43: =D43*E43 -> 1385.1519 | I43: 2179 | J43: 12 | K43: 4207 | L43: =8358442.7236-1006256.5949 -> 7352186.1 | M43: =IF(L43>0,(L43*2/1000000),(I43*K43*2/1000000)) -> 14.704372 | N43: =D43*M43 -> 29.408745
B44: HG6a | C44: =CONCATENATE("□",I44,"×",J44,"×",K44) -> □2179×12×3681 | D44: 2 | E44: =IF(L44>0,(L44*J44/1000000000*7850),(I44*J44*K44/1000000000*7850)) -> 468.19878 | F44: =D44*E44 -> 936.39755 | I44: 2179 | J44: 12 | K44: 3681 | L44: =5618168.7453-647905.7293 -> 4970263 | M44: =IF(L44>0,(L44*2/1000000),(I44*K44*2/1000000)) -> 9.940526 | N44: =D44*M44 -> 19.881052
B45: HG7 | C45: =CONCATENATE("□",I45,"×",J45,"×",K45) -> □2179×12×4207 | D45: 2 | E45: =IF(L45>0,(L45*J45/1000000000*7850),(I45*J45*K45/1000000000*7850)) -> 692.57593 | F45: =D45*E45 -> 1385.1519 | I45: 2179 | J45: 12 | K45: 4207 | L45: =8358442.7236-1006256.5949 -> 7352186.1 | M45: =IF(L45>0,(L45*2/1000000),(I45*K45*2/1000000)) -> 14.704372 | N45: =D45*M45 -> 29.408745
B46: HG7a | C46: =CONCATENATE("□",I46,"×",J46,"×",K46) -> □2179×12×4206 | D46: 2 | E46: =IF(L46>0,(L46*J46/1000000000*7850),(I46*J46*K46/1000000000*7850)) -> 574.88865 | F46: =D46*E46 -> 1149.7773 | I46: 2179 | J46: 12 | K46: 4206 | L46: =6750757.6587-647905.7293 -> 6102851.9 | M46: =IF(L46>0,(L46*2/1000000),(I46*K46*2/1000000)) -> 12.205704 | N46: =D46*M46 -> 24.411408
B47: HG8 | C47: =CONCATENATE("□",I47,"×",J47,"×",K47) -> □2241×28×3139 | D47: 2 | E47: =IF(L47>0,(L47*J47/1000000000*7850),(I47*J47*K47/1000000000*7850)) -> 1313.1684 | F47: =D47*E47 -> 2626.3367 | I47: 2241 | J47: 28 | K47: 3139 | L47: 5974378.4 | M47: =IF(L47>0,(L47*2/1000000),(I47*K47*2/1000000)) -> 11.948757 | N47: =D47*M47 -> 23.897514
B48: HG8a | C48: =CONCATENATE("□",I48,"×",J48,"×",K48) -> □760×28×2179 | D48: 2 | E48: =IF(L48>0,(L48*J48/1000000000*7850),(I48*J48*K48/1000000000*7850)) -> 185.09473 | F48: =D48*E48 -> 370.18947 | I48: 760 | J48: 28 | K48: 2179 | L48: 842105.25 | M48: =IF(L48>0,(L48*2/1000000),(I48*K48*2/1000000)) -> 1.6842105 | N48: =D48*M48 -> 3.368421
B49: HG8b | C49: =CONCATENATE("□",I49,"×",J49,"×",K49) -> □2179×28×4730 | D49: 2 | E49: =IF(L49>0,(L49*J49/1000000000*7850),(I49*J49*K49/1000000000*7850)) -> 1606.0279 | F49: =D49*E49 -> 3212.0557 | I49: 2179 | J49: 28 | K49: 4730 | L49: 7306769.2 | M49: =IF(L49>0,(L49*2/1000000),(I49*K49*2/1000000)) -> 14.613538 | N49: =D49*M49 -> 29.227077
B50: HG9 | C50: =CONCATENATE("□",I50,"×",J50,"×",K50,"(平均)") -> □4316×12×1018(平均) | D50: 14 | E50: =IF(L50>0,(L50*J50/1000000000*7850),(I50*J50*K50/1000000000*7850)) -> 194.68071 | F50: =D50*E50 -> 2725.5299 | I50: 4316 | J50: 12 | K50: 1018 | L50: =(2530150.5372+1603197.7906)/2 -> 2066674.2 | M50: =IF(L50>0,(L50*2/1000000),(I50*K50*2/1000000)) -> 4.1333483 | N50: =D50*M50 -> 57.866877
A51: 横隔板加劲 | B51: HJ1 | C51: =CONCATENATE("□",I51,"×",J51,"×",K51) -> □140×12×19180 | D51: 14 | E51: =IF(L51>0,(L51*J51/1000000000*7850),(I51*J51*K51/1000000000*7850)) -> 252.94584 | F51: =D51*E51 -> 3541.2418 | I51: 140 | J51: 12 | K51: =9590*2 -> 19180 | M51: =IF(L51>0,(L51*2/1000000),(I51*K51*2/1000000)) -> 5.3704 | N51: =D51*M51 -> 75.1856
B52: HJ2 | C52: =CONCATENATE("□",I52,"×",J52,"×",K52) -> □180×12×1884 | D52: 28 | E52: =IF(L52>0,(L52*J52/1000000000*7850),(I52*J52*K52/1000000000*7850)) -> 31.945104 | F52: =D52*E52 -> 894.46291 | I52: 180 | J52: 12 | K52: 1884 | M52: =IF(L52>0,(L52*2/1000000),(I52*K52*2/1000000)) -> 0.67824 | N52: =D52*M52 -> 18.99072
B53: HJ3 | C53: =CONCATENATE("□",I53,"×",J53,"×",K53) -> □180×12×1857 | D53: 28 | E53: =IF(L53>0,(L53*J53/1000000000*7850),(I53*J53*K53/1000000000*7850)) -> 31.487292 | F53: =D53*E53 -> 881.64418 | I53: 180 | J53: 12 | K53: 1857 | M53: =IF(L53>0,(L53*2/1000000),(I53*K53*2/1000000)) -> 0.66852 | N53: =D53*M53 -> 18.71856
B54: HJ4 | C54: =CONCATENATE("□",I54,"×",J54,"×",K54) -> □180×12×1830 | D54: 28 | E54: =IF(L54>0,(L54*J54/1000000000*7850),(I54*J54*K54/1000000000*7850)) -> 31.02948 | F54: =D54*E54 -> 868.82544 | I54: 180 | J54: 12 | K54: 1830 | M54: =IF(L54>0,(L54*2/1000000),(I54*K54*2/1000000)) -> 0.6588 | N54: =D54*M54 -> 18.4464
B55: HJ5 | C55: =CONCATENATE("□",I55,"×",J55,"×",K55) -> □180×12×1803 | D55: 28 | E55: =IF(L55>0,(L55*J55/1000000000*7850),(I55*J55*K55/1000000000*7850)) -> 30.571668 | F55: =D55*E55 -> 856.0067 | I55: 180 | J55: 12 | K55: 1803 | M55: =IF(L55>0,(L55*2/1000000),(I55*K55*2/1000000)) -> 0.64908 | N55: =D55*M55 -> 18.17424
B56: HJ6 | C56: =CONCATENATE("□",I56,"×",J56,"×",K56) -> □180×12×1776 | D56: 28 | E56: =IF(L56>0,(L56*J56/1000000000*7850),(I56*J56*K56/1000000000*7850)) -> 30.113856 | F56: =D56*E56 -> 843.18797 | I56: 180 | J56: 12 | K56: 1776 | M56: =IF(L56>0,(L56*2/1000000),(I56*K56*2/1000000)) -> 0.63936 | N56: =D56*M56 -> 17.90208
B57: HJ7 | C57: =CONCATENATE("□",I57,"×",J57,"×",K57,"(平均)") -> □100×10×4178(平均) | D57: 12 | E57: =IF(L57>0,(L57*J57/1000000000*7850),(I57*J57*K57/1000000000*7850)) -> 32.7973 | F57: =D57*E57 -> 393.5676 | I57: 100 | J57: 10 | K57: =(2581+5775)/2 -> 4178 | M57: =IF(L57>0,(L57*2/1000000),(I57*K57*2/1000000)) -> 0.8356 | N57: =D57*M57 -> 10.0272
B58: HJ7a | C58: =CONCATENATE("□",I58,"×",J58,"×",K58,"(平均)") -> □100×10×2538(平均) | D58: 24 | E58: =IF(L58>0,(L58*J58/1000000000*7850),(I58*J58*K58/1000000000*7850)) -> 19.9233 | F58: =D58*E58 -> 478.1592 | I58: 100 | J58: 10 | K58: =(1500+3576)/2 -> 2538 | M58: =IF(L58>0,(L58*2/1000000),(I58*K58*2/1000000)) -> 0.5076 | N58: =D58*M58 -> 12.1824
B59: HJ8 | C59: =CONCATENATE("□",I59,"×",J59,"×",K59,"(平均)") -> □100×10×2882(平均) | D59: =D57 -> 12 | E59: =IF(L59>0,(L59*J59/1000000000*7850),(I59*J59*K59/1000000000*7850)) -> 22.6237 | F59: =D59*E59 -> 271.4844 | I59: 100 | J59: 10 | K59: =(1423+4341)/2 -> 2882 | M59: =IF(L59>0,(L59*2/1000000),(I59*K59*2/1000000)) -> 0.5764 | N59: =D59*M59 -> 6.9168
B60: HJ8a | C60: =CONCATENATE("□",I60,"×",J60,"×",K60,"(平均)") -> □100×10×1676(平均) | D60: 16 | E60: =IF(L60>0,(L60*J60/1000000000*7850),(I60*J60*K60/1000000000*7850)) -> 13.1566 | F60: =D60*E60 -> 210.5056 | I60: 100 | J60: 10 | K60: =(920+2432)/2 -> 1676 | M60: =IF(L60>0,(L60*2/1000000),(I60*K60*2/1000000)) -> 0.3352 | N60: =D60*M60 -> 5.3632
B61: HJ9 | C61: =CONCATENATE("□",I61,"×",J61,"×",K61,"(平均)") -> □100×10×1502(平均) | D61: 44 | E61: =IF(L61>0,(L61*J61/1000000000*7850),(I61*J61*K61/1000000000*7850)) -> 11.7907 | F61: =D61*E61 -> 518.7908 | I61: 100 | J61: 10 | K61: =(1267+1737)/2 -> 1502 | M61: =IF(L61>0,(L61*2/1000000),(I61*K61*2/1000000)) -> 0.3004 | N61: =D61*M61 -> 13.2176
B62: HJ9a | C62: =CONCATENATE("□",I62,"×",J62,"×",K62,"(平均)") -> □100×10×1427(平均) | D62: 52 | E62: =IF(L62>0,(L62*J62/1000000000*7850),(I62*J62*K62/1000000000*7850)) -> 11.20195 | F62: =D62*E62 -> 582.5014 | I62: 100 | J62: 10 | K62: =(1138+1716)/2 -> 1427 | M62: =IF(L62>0,(L62*2/1000000),(I62*K62*2/1000000)) -> 0.2854 | N62: =D62*M62 -> 14.8408
B63: HJ10 | C63: =CONCATENATE("□",I63,"×",J63,"×",K63) -> □110×10×3748 | D63: 8 | E63: =IF(L63>0,(L63*J63/1000000000*7850),(I63*J63*K63/1000000000*7850)) -> 32.36398 | F63: =D63*E63 -> 258.91184 | I63: 110 | J63: 10 | K63: 3748 | M63: =IF(L63>0,(L63*2/1000000),(I63*K63*2/1000000)) -> 0.82456 | N63: =D63*M63 -> 6.59648
B64: HJ10a | C64: =CONCATENATE("□",I64,"×",J64,"×",K64) -> □110×10×2996 | D64: 6 | E64: =IF(L64>0,(L64*J64/1000000000*7850),(I64*J64*K64/1000000000*7850)) -> 25.87046 | F64: =D64*E64 -> 155.22276 | I64: 110 | J64: 10 | K64: 2996 | M64: =IF(L64>0,(L64*2/1000000),(I64*K64*2/1000000)) -> 0.65912 | N64: =D64*M64 -> 3.95472
B65: HJ10b | C65: =CONCATENATE("□",I65,"×",J65,"×",K65,"(平均)") -> □550×24×3504(平均) | D65: 6 | E65: =IF(L65>0,(L65*J65/1000000000*7850),(I65*J65*K65/1000000000*7850)) -> 363.08448 | F65: =D65*E65 -> 2178.5069 | I65: 550 | J65: 24 | K65: 3504 | M65: =IF(L65>0,(L65*2/1000000),(I65*K65*2/1000000)) -> 3.8544 | N65: =D65*M65 -> 23.1264
B66: HJ11 | C66: =CONCATENATE("□",I66,"×",J66,"×",K66) -> □134×12×300 | D66: 28 | E66: =IF(L66>0,(L66*J66/1000000000*7850),(I66*J66*K66/1000000000*7850)) -> 3.78684 | F66: =D66*E66 -> 106.03152 | I66: 134 | J66: 12 | K66: 300 | M66: =IF(L66>0,(L66*2/1000000),(I66*K66*2/1000000)) -> 0.0804 | N66: =D66*M66 -> 2.2512
B67: HJ11a | C67: =CONCATENATE("□",I67,"×",J67,"×",K67) -> □134×12×400 | D67: 28 | E67: =IF(L67>0,(L67*J67/1000000000*7850),(I67*J67*K67/1000000000*7850)) -> 5.04912 | F67: =D67*E67 -> 141.37536 | I67: 134 | J67: 12 | K67: 400 | M67: =IF(L67>0,(L67*2/1000000),(I67*K67*2/1000000)) -> 0.1072 | N67: =D67*M67 -> 3.0016
A68: 吊索 | B68: S1 | C68: =CONCATENATE("□",I68,"×",J68,"×",K68) -> □420×50×420 | D68: 6 | E68: =IF(L68>0,(L68*J68/1000000000*7850),(I68*J68*K68/1000000000*7850)) -> 69.237 | F68: =D68*E68 -> 415.422 | I68: 420 | J68: 50 | K68: 420 | M68: =IF(L68>0,(L68*2/1000000),(I68*K68*2/1000000)) -> 0.3528 | N68: =D68*M68 -> 2.1168
B69: S2 | C69: =CONCATENATE("φ(内)",I69,"×",J69,"×",K69,"(平均)") -> φ(内)986×24×257(平均) | D69: 6 | E69: =21186.9009*K69/1000000000*7850 -> 42.743513 | F69: =D69*E69 -> 256.46108 | I69: =1486-500 -> 986 | J69: 24 | K69: 257 | M69: =IF(L69>0,(L69*2/1000000),(I69*K69*2/1000000)) -> 0.506804 | N69: =D69*M69 -> 3.040824
B70: S3 | C70: =CONCATENATE("□",I70,"×",J70,"×",K70) -> □100×16×700 | D70: =6*D69 -> 36 | E70: =IF(L70>0,(L70*J70/1000000000*7850),(I70*J70*K70/1000000000*7850)) -> 8.007 | F70: =D70*E70 -> 288.252 | I70: 100 | J70: 16 | K70: 700 | L70: 63750 | M70: =IF(L70>0,(L70*2/1000000),(I70*K70*2/1000000)) -> 0.1275 | N70: =D70*M70 -> 4.59
B71: 合计（kg） | F71: =SUM(F22:F70) -> 286454.67
B72: 焊缝1.5%（kg） | F72: =F71*0.015 -> 4296.8201
B73: 总计（kg） | F73: =F71+F72 -> 290751.49
B81: 材料 | C81: 规格 | D81: 数量
C82: mm | D82: kg
B83: 钢材(Q345D) | C83: t=10 | D83: =SUMIF($J$22:$J$70,"10",$F$22:$F$70) -> 2869.1436
C84: t=12 | D84: =SUMIF($J$22:$J$70,"12",$F$22:$F$70) -> 68799.751
C85: t=14 | D85: =SUMIF($J$22:$J$70,"14",$F$22:$F$70) -> 22893.137
C86: t=16 | D86: =SUMIF($J$22:$J$70,"16",$F$22:$F$70) -> 113717.44
C87: t=20 | D87: =SUMIF($J$22:$J$70,"20",$F$22:$F$70) -> 5649.0545
C88: t=24 | D88: =SUMIF($J$22:$J$70,"24",$F$22:$F$70) -> 5846.4097
C89: t=28 | D89: =SUMIF($J$22:$J$70,"28",$F$22:$F$70) -> 15278.736
C90: t=32 | D90: =SUMIF($J$22:$J$70,"32",$F$22:$F$70) -> 50448.568
C91: t=50 | D91: =SUMIF($J$22:$J$70,"50",$F$22:$F$70) -> 415.422
C92: U型肋(t=8) | D92: =SUMIF($J$22:$J$70,"8",$F$22:$F$70) -> 537.01257
C93: 合计 | D93: =SUM(D83:D92) -> 286454.67
C94: 焊缝1.5% | D94: =D93*0.015 -> 4296.8201
C95: 总计 | D95: =D93+D94 -> 290751.49
B96: 涂装 | C96: 内涂装 | D96: =SUM(N22:N70)-D97 -> 1767.4371
C97: 外涂装 | D97: =(N22+N27+N30+N31)/2+(N22/2)*0.6815+N26+N36+SUM(N51:N56) -> 2671.3854

Sheet B2类梁段
B2: 参数 | C2: L1 | D2: L2 | E2: L3 | F2: L4
C3: mm | D3: mm | E3: mm | F3: mm
B4: HG2 | C4: 4820 | D4: 4073 | E4: 1085
B5: HG3 | C5: 4589 | D5: 3861 | E5: 1047
B6: HG4 | C6: 4358 | D6: 3649 | E6: 1022 | F6: 1059
B7: HG5 | C7: 4128 | D7: 3436 | E7: 996
B8: HG6 | C8: 3896 | D8: 3224 | E8: 970
B9: HG7 | C9: 3666 | D9: 3011 | E9: 945 | F9: 1058
A20: 位置 | B20: 编号 | C20: 规格(mm) | D20: 数量 | E20: 单件重(kg) | F20: 共重(kg) | I20: 长边 | J20: 厚度 | K20: 短边 | L20: 侧面S | M20: 涂装
A21: 顶板 | B21: T1 | C21: =CONCATENATE("□",I21,"×",J21,"×",K21) -> □19400×16×43348 | D21: 1 | E21: =IF(L21>0,(L21*J21/1000000000*7850),(I21*J21*K21/1000000000*7850)) -> 100999.33 | F21: =D21*E21 -> 100999.33 | I21: 19400 | J21: 16 | K21: =21674*2 -> 43348 | L21: 8.0413478e+08 | M21: =IF(L21>0,(L21*2/1000000),(I21*K21*2/1000000)) -> 1608.2696 | N21: =D21*M21 -> 1608.2696
B22: TJ1 | C22: =CONCATENATE("□",I22,"×",J22,"×",K22) -> □460×24×19480 | D22: 2 | E22: =IF(L22>0,(L22*J22/1000000000*7850),(I22*J22*K22/1000000000*7850)) -> 1688.2147 | F22: =D22*E22 -> 3376.4294 | I22: 460 | J22: 24 | K22: 19480 | M22: =IF(L22>0,(L22*2/1000000),(I22*K22*2/1000000)) -> 17.9216 | N22: =D22*M22 -> 35.8432
B23: TJ2 | C23: =CONCATENATE("□",I23,"×",J23,"×",K23,"(总长)") -> □140×12×46834(总长) | D23: 1 | E23: =IF(L23>0,(L23*J23/1000000000*7850),(I23*J23*K23/1000000000*7850)) -> 617.64679 | F23: =D23*E23 -> 617.64679 | I23: 140 | J23: 12 | K23: =23417*2 -> 46834 | M23: =IF(L23>0,(L23*2/1000000),(I23*K23*2/1000000)) -> 13.11352 | N23: =D23*M23 -> 13.11352
B24: TU1 | C24: =CONCATENATE("U",I24,"×",J24,"×",K24) -> U300×8×19400 | D24: 40 | E24: =L24*I24/1000000000*7850 -> 13.425314 | F24: =D24*E24 -> 537.01257 | I24: 300 | J24: 8 | K24: 19400 | L24: 5700.7704 | M24: =IF(L24>0,(L24*2/1000000),(I24*K24*2/1000000)) -> 0.011401541 | N24: =D24*M24 -> 0.45606163
A25: 底板 | B25: D1 | C25: =CONCATENATE("□",I25,"×",J25,"×",K25) -> □500×16×19518 | D25: 6 | E25: =IF(L25>0,(L25*J25/1000000000*7850),(I25*J25*K25/1000000000*7850)) -> 1225.7304 | F25: =D25*E25 -> 7354.3824 | I25: 500 | J25: 16 | K25: =9759*2 -> 19518 | M25: =IF(L25>0,(L25*2/1000000),(I25*K25*2/1000000)) -> 19.518 | N25: =D25*M25 -> 117.108
B26: D2 | C26: =CONCATENATE("□",I26,"×",J26,"×",K26) -> □6889×32×19400 | D26: 2 | E26: =IF(L26>0,(L26*J26/1000000000*7850),(I26*J26*K26/1000000000*7850)) -> 25634.614 | F26: =D26*E26 -> 51269.229 | I26: 6889 | J26: 32 | K26: 19400 | L26: 1.0204862e+08 | M26: =IF(L26>0,(L26*2/1000000),(I26*K26*2/1000000)) -> 204.09725 | N26: =D26*M26 -> 408.1945
B27: D3 | C27: =CONCATENATE("□",I27,"×",J27,"×",K27,"(平均)") -> □380×16×4243(平均) | D27: 12 | E27: =IF(L27>0,(L27*J27/1000000000*7850),(I27*J27*K27/1000000000*7850)) -> 202.5099 | F27: =D27*E27 -> 2430.1188 | I27: 380 | J27: 16 | K27: =(4820+3666)/2 -> 4243 | M27: =IF(L27>0,(L27*2/1000000),(I27*K27*2/1000000)) -> 3.22468 | N27: =D27*M27 -> 38.69616
B28: DJ1 | C28: =CONCATENATE("□",I28,"×",J28,"×",K28,"(总长)") -> □140×12×374290(总长) | D28: 1 | E28: =IF(L28>0,(L28*J28/1000000000*7850),(I28*J28*K28/1000000000*7850)) -> 4936.1365 | F28: =D28*E28 -> 4936.1365 | I28: 140 | J28: 12 | K28: =187145*2 -> 374290 | M28: =IF(L28>0,(L28*2/1000000),(I28*K28*2/1000000)) -> 104.8012 | N28: =D28*M28 -> 104.8012
A29: 腹板 | B29: F1 | C29: =CONCATENATE("□",I29,"×",J29,"×",K29) -> □3031×14×19400 | D29: 2 | E29: =IF(L29>0,(L29*J29/1000000000*7850),(I29*J29*K29/1000000000*7850)) -> 6414.6285 | F29: =D29*E29 -> 12829.257 | I29: 3031 | J29: 14 | K29: 19400 | L29: 58367867 | M29: =IF(L29>0,(L29*2/1000000),(I29*K29*2/1000000)) -> 116.73573 | N29: =D29*M29 -> 233.47147
B30: F2 | C30: =CONCATENATE("□",I30,"×",J30,"×",K30) -> □2283×14×19600 | D30: 2 | E30: =IF(L30>0,(L30*J30/1000000000*7850),(I30*J30*K30/1000000000*7850)) -> 4917.6733 | F30: =D30*E30 -> 9835.3466 | I30: 2283 | J30: 14 | K30: 19600 | M30: =IF(L30>0,(L30*2/1000000),(I30*K30*2/1000000)) -> 89.4936 | N30: =D30*M30 -> 178.9872
B31: F3 | C31: =CONCATENATE("□",I31,"×",J31,"×",K31) -> □2179×20×7400 | D31: 2 | E31: =IF(L31>0,(L31*J31/1000000000*7850),(I31*J31*K31/1000000000*7850)) -> 2824.5273 | F31: =D31*E31 -> 5649.0545 | I31: 2179 | J31: 20 | K31: 7400 | L31: 17990620 | M31: =IF(L31>0,(L31*2/1000000),(I31*K31*2/1000000)) -> 35.981239 | N31: =D31*M31 -> 71.962478
B32: FJ1 | C32: =CONCATENATE("□",I32,"×",J32,"×",K32,"(总长)") -> □140×12×398000(总长) | D32: 1 | E32: =IF(L32>0,(L32*J32/1000000000*7850),(I32*J32*K32/1000000000*7850)) -> 5248.824 | F32: =D32*E32 -> 5248.824 | I32: 140 | J32: 12 | K32: =19400*9*2+6100*8 -> 398000 | M32: =IF(L32>0,(L32*2/1000000),(I32*K32*2/1000000)) -> 111.44 | N32: =D32*M32 -> 111.44
B33: FJ2 | C33: =CONCATENATE("□",I33,"×",J33,"×",K33) -> □184×16×450 | D33: =4*4 -> 16 | E33: =IF(L33>0,(L33*J33/1000000000*7850),(I33*J33*K33/1000000000*7850)) -> 10.39968 | F33: =D33*E33 -> 166.39488 | I33: 184 | J33: 16 | K33: 450 | M33: =IF(L33>0,(L33*2/1000000),(I33*K33*2/1000000)) -> 0.1656 | N33: =D33*M33 -> 2.6496
B34: FJ3 | C34: =CONCATENATE("□",I34,"×",J34,"×",K34) -> □176×16×450 | D34: =4*2 -> 8 | E34: =IF(L34>0,(L34*J34/1000000000*7850),(I34*J34*K34/1000000000*7850)) -> 9.94752 | F34: =D34*E34 -> 79.58016 | I34: 176 | J34: 16 | K34: 450 | M34: =IF(L34>0,(L34*2/1000000),(I34*K34*2/1000000)) -> 0.1584 | N34: =D34*M34 -> 1.2672
A35: 横隔板 | B35: HG1 | C35: =CONCATENATE("□",I35,"×",J35,"×",K35) -> □2384×12×19864 | D35: 6 | E35: =IF(L35>0,(L35*J35/1000000000*7850),(I35*J35*K35/1000000000*7850)) -> 4011.9568 | F35: =D35*E35 -> 24071.741 | I35: 2384 | J35: 12 | K35: 19864 | L35: =2*21294887.2264 -> 42589774 | M35: =IF(L35>0,(L35*2/1000000),(I35*K35*2/1000000)) -> 85.179549 | N35: =D35*M35 -> 511.07729
B36: HG2 | C36: =CONCATENATE("□",I36,"×",J36,"×",K36) -> □2241×12×6335 | D36: 2 | E36: =IF(L36>0,(L36*J36/1000000000*7850),(I36*J36*K36/1000000000*7850)) -> 961.93587 | F36: =D36*E36 -> 1923.8717 | I36: 2241 | J36: 12 | K36: 6335 | L36: =11217890.0408-1006256.5949 -> 10211633 | M36: =IF(L36>0,(L36*2/1000000),(I36*K36*2/1000000)) -> 20.423267 | N36: =D36*M36 -> 40.846534
B37: HG3 | C37: =CONCATENATE("□",I37,"×",J37,"×",K37) -> □2241×12×6840 | D37: 2 | E37: =IF(L37>0,(L37*J37/1000000000*7850),(I37*J37*K37/1000000000*7850)) -> 1015.158 | F37: =D37*E37 -> 2030.3159 | I37: 2241 | J37: 12 | K37: 6840 | L37: 10776624 | M37: =IF(L37>0,(L37*2/1000000),(I37*K37*2/1000000)) -> 21.553247 | N37: =D37*M37 -> 43.106495
B38: HG4 | C38: =CONCATENATE("□",I38,"×",J38,"×",K38) -> □2241×28×6335 | D38: 2 | E38: =IF(L38>0,(L38*J38/1000000000*7850),(I38*J38*K38/1000000000*7850)) -> 2244.517 | F38: =D38*E38 -> 4489.0341 | I38: 2241 | J38: 28 | K38: 6335 | L38: =11217890.0408-1006256.5949 -> 10211633 | M38: =IF(L38>0,(L38*2/1000000),(I38*K38*2/1000000)) -> 20.423267 | N38: =D38*M38 -> 40.846534
B39: HG4a | C39: =CONCATENATE("□",I39,"×",J39,"×",K39) -> □2241×28×6860 | D39: 2 | E39: =IF(L39>0,(L39*J39/1000000000*7850),(I39*J39*K39/1000000000*7850)) -> 2376.0373 | F39: =D39*E39 -> 4752.0746 | I39: 2241 | J39: 28 | K39: 6860 | L39: 10809997 | M39: =IF(L39>0,(L39*2/1000000),(I39*K39*2/1000000)) -> 21.619993 | N39: =D39*M39 -> 43.239987
B40: HG5 | C40: =CONCATENATE("□",I40,"×",J40,"×",K40) -> □2241×12×3139 | D40: 2 | E40: =IF(L40>0,(L40*J40/1000000000*7850),(I40*J40*K40/1000000000*7850)) -> 562.87707 | F40: =D40*E40 -> 1125.7541 | I40: 2241 | J40: 12 | K40: 3139 | L40: 5975340.4 | M40: =IF(L40>0,(L40*2/1000000),(I40*K40*2/1000000)) -> 11.950681 | N40: =D40*M40 -> 23.901362
B41: HG6 | C41: =CONCATENATE("□",I41,"×",J41,"×",K41) -> □2190×12×3937 | D41: 2 | E41: =IF(L41>0,(L41*J41/1000000000*7850),(I41*J41*K41/1000000000*7850)) -> 513.05617 | F41: =D41*E41 -> 1026.1123 | I41: 2190 | J41: 12 | K41: 3937 | L41: 5446456.2 | M41: =IF(L41>0,(L41*2/1000000),(I41*K41*2/1000000)) -> 10.892912 | N41: =D41*M41 -> 21.785825
B42: HG6a | C42: =CONCATENATE("□",I42,"×",J42,"×",K42) -> □2179×12×4207 | D42: 2 | E42: =IF(L42>0,(L42*J42/1000000000*7850),(I42*J42*K42/1000000000*7850)) -> 692.57593 | F42: =D42*E42 -> 1385.1519 | I42: 2179 | J42: 12 | K42: 4207 | L42: =8358442.7236-1006256.5949 -> 7352186.1 | M42: =IF(L42>0,(L42*2/1000000),(I42*K42*2/1000000)) -> 14.704372 | N42: =D42*M42 -> 29.408745
B43: HG7 | C43: =CONCATENATE("□",I43,"×",J43,"×",K43) -> □2179×28×3681 | D43: 2 | E43: =IF(L43>0,(L43*J43/1000000000*7850),(I43*J43*K43/1000000000*7850)) -> 1092.4638 | F43: =D43*E43 -> 2184.9276 | I43: 2179 | J43: 28 | K43: 3681 | L43: =5618168.7453-647905.7293 -> 4970263 | M43: =IF(L43>0,(L43*2/1000000),(I43*K43*2/1000000)) -> 9.940526 | N43: =D43*M43 -> 19.881052
B44: HG7a | C44: =CONCATENATE("□",I44,"×",J44,"×",K44) -> □2179×28×4207 | D44: 2 | E44: =IF(L44>0,(L44*J44/1000000000*7850),(I44*J44*K44/1000000000*7850)) -> 1616.0105 | F44: =D44*E44 -> 3232.021 | I44: 2179 | J44: 28 | K44: 4207 | L44: =8358442.7236-1006256.5949 -> 7352186.1 | M44: =IF(L44>0,(L44*2/1000000),(I44*K44*2/1000000)) -> 14.704372 | N44: =D44*M44 -> 29.408745
B45: HG7b | C45: =CONCATENATE("□",I45,"×",J45,"×",K45) -> □2179×28×4206 | D45: 2 | E45: =IF(L45>0,(L45*J45/1000000000*7850),(I45*J45*K45/1000000000*7850)) -> 1341.4069 | F45: =D45*E45 -> 2682.8137 | I45: 2179 | J45: 28 | K45: 4206 | L45: =6750757.6587-647905.7293 -> 6102851.9 | M45: =IF(L45>0,(L45*2/1000000),(I45*K45*2/1000000)) -> 12.205704 | N45: =D45*M45 -> 24.411408
B46: HG8 | C46: =CONCATENATE("□",I46,"×",J46,"×",K46,"(平均)") -> □4243×12×1011(平均) | D46: 14 | E46: =IF(L46>0,(L46*J46/1000000000*7850),(I46*J46*K46/1000000000*7850)) -> 194.08543 | F46: =D46*E46 -> 2717.196 | I46: 4243 | J46: 12 | K46: 1011 | L46: =(1751017.0968+2369692.63)/2 -> 2060354.9 | M46: =IF(L46>0,(L46*2/1000000),(I46*K46*2/1000000)) -> 4.1207097 | N46: =D46*M46 -> 57.689936
A47: 横隔板加劲 | B47: HJ1 | C47: =CONCATENATE("□",I47,"×",J47,"×",K47) -> □140×12×19180 | D47: 12 | E47: =IF(L47>0,(L47*J47/1000000000*7850),(I47*J47*K47/1000000000*7850)) -> 252.94584 | F47: =D47*E47 -> 3035.3501 | I47: 140 | J47: 12 | K47: =9590*2 -> 19180 | M47: =IF(L47>0,(L47*2/1000000),(I47*K47*2/1000000)) -> 5.3704 | N47: =D47*M47 -> 64.4448
B48: HJ2 | C48: =CONCATENATE("□",I48,"×",J48,"×",K48) -> □180×12×1884 | D48: 24 | E48: =IF(L48>0,(L48*J48/1000000000*7850),(I48*J48*K48/1000000000*7850)) -> 31.945104 | F48: =D48*E48 -> 766.6825 | I48: 180 | J48: 12 | K48: 1884 | M48: =IF(L48>0,(L48*2/1000000),(I48*K48*2/1000000)) -> 0.67824 | N48: =D48*M48 -> 16.27776
B49: HJ3 | C49: =CONCATENATE("□",I49,"×",J49,"×",K49) -> □180×12×1857 | D49: 24 | E49: =IF(L49>0,(L49*J49/1000000000*7850),(I49*J49*K49/1000000000*7850)) -> 31.487292 | F49: =D49*E49 -> 755.69501 | I49: 180 | J49: 12 | K49: 1857 | M49: =IF(L49>0,(L49*2/1000000),(I49*K49*2/1000000)) -> 0.66852 | N49: =D49*M49 -> 16.04448
B50: HJ4 | C50: =CONCATENATE("□",I50,"×",J50,"×",K50) -> □180×12×1830 | D50: 24 | E50: =IF(L50>0,(L50*J50/1000000000*7850),(I50*J50*K50/1000000000*7850)) -> 31.02948 | F50: =D50*E50 -> 744.70752 | I50: 180 | J50: 12 | K50: 1830 | M50: =IF(L50>0,(L50*2/1000000),(I50*K50*2/1000000)) -> 0.6588 | N50: =D50*M50 -> 15.8112
B51: HJ5 | C51: =CONCATENATE("□",I51,"×",J51,"×",K51) -> □180×12×1803 | D51: 24 | E51: =IF(L51>0,(L51*J51/1000000000*7850),(I51*J51*K51/1000000000*7850)) -> 30.571668 | F51: =D51*E51 -> 733.72003 | I51: 180 | J51: 12 | K51: 1803 | M51: =IF(L51>0,(L51*2/1000000),(I51*K51*2/1000000)) -> 0.64908 | N51: =D51*M51 -> 15.57792
B52: HJ6 | C52: =CONCATENATE("□",I52,"×",J52,"×",K52) -> □180×12×1776 | D52: 24 | E52: =IF(L52>0,(L52*J52/1000000000*7850),(I52*J52*K52/1000000000*7850)) -> 30.113856 | F52: =D52*E52 -> 722.73254 | I52: 180 | J52: 12 | K52: 1776 | M52: =IF(L52>0,(L52*2/1000000),(I52*K52*2/1000000)) -> 0.63936 | N52: =D52*M52 -> 15.34464
B53: HJ7 | C53: =CONCATENATE("□",I53,"×",J53,"×",K53,"(平均)") -> □100×10×4689(平均) | D53: 10 | E53: =IF(L53>0,(L53*J53/1000000000*7850),(I53*J53*K53/1000000000*7850)) -> 36.80865 | F53: =D53*E53 -> 368.0865 | I53: 100 | J53: 10 | K53: =(2869+6509)/2 -> 4689 | M53: =IF(L53>0,(L53*2/1000000),(I53*K53*2/1000000)) -> 0.9378 | N53: =D53*M53 -> 9.378
B54: HJ7a | C54: =CONCATENATE("□",I54,"×",J54,"×",K54,"(平均)") -> □100×10×2859(平均) | D54: 8 | E54: =IF(L54>0,(L54*J54/1000000000*7850),(I54*J54*K54/1000000000*7850)) -> 22.44315 | F54: =D54*E54 -> 179.5452 | I54: 100 | J54: 10 | K54: =(2500+3218)/2 -> 2859 | M54: =IF(L54>0,(L54*2/1000000),(I54*K54*2/1000000)) -> 0.5718 | N54: =D54*M54 -> 4.5744
B55: HJ8 | C55: =CONCATENATE("□",I55,"×",J55,"×",K55,"(平均)") -> □100×10×3400(平均) | D55: =D53 -> 10 | E55: =IF(L55>0,(L55*J55/1000000000*7850),(I55*J55*K55/1000000000*7850)) -> 26.69 | F55: =D55*E55 -> 266.9 | I55: 100 | J55: 10 | K55: =(1716+5084)/2 -> 3400 | M55: =IF(L55>0,(L55*2/1000000),(I55*K55*2/1000000)) -> 0.68 | N55: =D55*M55 -> 6.8
B56: HJ8a | C56: =CONCATENATE("□",I56,"×",J56,"×",K56,"(平均)") -> □100×10×1563(平均) | D56: 8 | E56: =IF(L56>0,(L56*J56/1000000000*7850),(I56*J56*K56/1000000000*7850)) -> 12.26955 | F56: =D56*E56 -> 98.1564 | I56: 100 | J56: 10 | K56: =(2073+1053)/2 -> 1563 | M56: =IF(L56>0,(L56*2/1000000),(I56*K56*2/1000000)) -> 0.3126 | N56: =D56*M56 -> 2.5008
B57: HJ9 | C57: =CONCATENATE("□",I57,"×",J57,"×",K57,"(平均)") -> □100×10×1516(平均) | D57: 38 | E57: =IF(L57>0,(L57*J57/1000000000*7850),(I57*J57*K57/1000000000*7850)) -> 11.9006 | F57: =D57*E57 -> 452.2228 | I57: 100 | J57: 10 | K57: =(1290+1742)/2 -> 1516 | M57: =IF(L57>0,(L57*2/1000000),(I57*K57*2/1000000)) -> 0.3032 | N57: =D57*M57 -> 11.5216
B58: HJ9a | C58: =CONCATENATE("□",I58,"×",J58,"×",K58,"(平均)") -> □100×10×1495(平均) | D58: 36 | E58: =IF(L58>0,(L58*J58/1000000000*7850),(I58*J58*K58/1000000000*7850)) -> 11.73575 | F58: =D58*E58 -> 422.487 | I58: 100 | J58: 10 | K58: =(1267+1723)/2 -> 1495 | M58: =IF(L58>0,(L58*2/1000000),(I58*K58*2/1000000)) -> 0.299 | N58: =D58*M58 -> 10.764
B59: HJ10 | C59: =CONCATENATE("□",I59,"×",J59,"×",K59) -> □110×10×3748 | D59: 8 | E59: =IF(L59>0,(L59*J59/1000000000*7850),(I59*J59*K59/1000000000*7850)) -> 32.36398 | F59: =D59*E59 -> 258.91184 | I59: 110 | J59: 10 | K59: 3748 | M59: =IF(L59>0,(L59*2/1000000),(I59*K59*2/1000000)) -> 0.82456 | N59: =D59*M59 -> 6.59648
B60: HJ10a | C60: =CONCATENATE("□",I60,"×",J60,"×",K60) -> □110×10×2996 | D60: 4 | E60: =IF(L60>0,(L60*J60/1000000000*7850),(I60*J60*K60/1000000000*7850)) -> 25.87046 | F60: =D60*E60 -> 103.48184 | I60: 110 | J60: 10 | K60: 2996 | M60: =IF(L60>0,(L60*2/1000000),(I60*K60*2/1000000)) -> 0.65912 | N60: =D60*M60 -> 2.63648
B61: HJ10b | C61: =CONCATENATE("□",I61,"×",J61,"×",K61,"(平均)") -> □550×24×3502(平均) | D61: 6 | E61: =IF(L61>0,(L61*J61/1000000000*7850),(I61*J61*K61/1000000000*7850)) -> 362.87724 | F61: =D61*E61 -> 2177.2634 | I61: 550 | J61: 24 | K61: 3502 | M61: =IF(L61>0,(L61*2/1000000),(I61*K61*2/1000000)) -> 3.8522 | N61: =D61*M61 -> 23.1132
B62: HJ11 | C62: =CONCATENATE("□",I62,"×",J62,"×",K62) -> □134×12×300 | D62: 24 | E62: =IF(L62>0,(L62*J62/1000000000*7850),(I62*J62*K62/1000000000*7850)) -> 3.78684 | F62: =D62*E62 -> 90.88416 | I62: 134 | J62: 12 | K62: 300 | M62: =IF(L62>0,(L62*2/1000000),(I62*K62*2/1000000)) -> 0.0804 | N62: =D62*M62 -> 1.9296
B63: HJ11a | C63: =CONCATENATE("□",I63,"×",J63,"×",K63) -> □134×12×400 | D63: 24 | E63: =IF(L63>0,(L63*J63/1000000000*7850),(I63*J63*K63/1000000000*7850)) -> 5.04912 | F63: =D63*E63 -> 121.17888 | I63: 134 | J63: 12 | K63: 400 | M63: =IF(L63>0,(L63*2/1000000),(I63*K63*2/1000000)) -> 0.1072 | N63: =D63*M63 -> 2.5728
A64: 吊索 | B64: S1 | C64: =CONCATENATE("□",I64,"×",J64,"×",K64) -> □420×50×420 | D64: 4 | E64: =IF(L64>0,(L64*J64/1000000000*7850),(I64*J64*K64/1000000000*7850)) -> 69.237 | F64: =D64*E64 -> 276.948 | I64: 420 | J64: 50 | K64: 420 | M64: =IF(L64>0,(L64*2/1000000),(I64*K64*2/1000000)) -> 0.3528 | N64: =D64*M64 -> 1.4112
B65: S2 | C65: =CONCATENATE("φ(内)",I65,"×",J65,"×",K65,"(平均)") -> φ(内)985×24×257(平均) | D65: 4 | E65: =21186.9009*K65/1000000000*7850 -> 42.743513 | F65: =D65*E65 -> 170.97405 | I65: 985 | J65: 24 | K65: 257 | M65: =IF(L65>0,(L65*2/1000000),(I65*K65*2/1000000)) -> 0.50629 | N65: =D65*M65 -> 2.02516
B66: S3 | C66: =CONCATENATE("□",I66,"×",J66,"×",K66) -> □100×16×700 | D66: =6*D65 -> 24 | E66: =IF(L66>0,(L66*J66/1000000000*7850),(I66*J66*K66/1000000000*7850)) -> 8.007 | F66: =D66*E66 -> 192.168 | I66: 100 | J66: 16 | K66: 700 | L66: 63750 | M66: =IF(L66>0,(L66*2/1000000),(I66*K66*2/1000000)) -> 0.1275 | N66: =D66*M66 -> 3.06
B67: 合计（kg） | F67: =SUM(F21:F66) -> 268887.85
B68: 焊缝1.5%（kg） | F68: =F67*0.015 -> 4033.3178
B69: 总计（kg） | F69: =F67+F68 -> 272921.17
B77: 材料 | C77: 规格 | D77: 数量
C78: mm | D78: kg
B79: 钢材(Q345D) | C79: t=10 | D79: =SUMIF($J$21:$J$66,"10",$F$21:$F$66) -> 2149.7916
C80: t=12 | D80: =SUMIF($J$21:$J$66,"12",$F$21:$F$66) -> 52053.701
C81: t=14 | D81: =SUMIF($J$21:$J$66,"14",$F$21:$F$66) -> 22664.604
C82: t=16 | D82: =SUMIF($J$21:$J$66,"16",$F$21:$F$66) -> 111221.97
C83: t=20 | D83: =SUMIF($J$21:$J$66,"20",$F$21:$F$66) -> 5649.0545
C84: t=24 | D84: =SUMIF($J$21:$J$66,"24",$F$21:$F$66) -> 5724.6669
C85: t=28 | D85: =SUMIF($J$21:$J$66,"28",$F$21:$F$66) -> 17340.871
C86: t=32 | D86: =SUMIF($J$21:$J$66,"32",$F$21:$F$66) -> 51269.229
C87: t=50 | D87: =SUMIF($J$21:$J$66,"50",$F$21:$F$66) -> 276.948
C88: U型肋(t=8) | D88: =SUMIF($J$21:$J$66,"8",$F$21:$F$66) -> 537.01257
C89: 合计 | D89: =SUM(D79:D88) -> 268887.85
C90: 焊缝1.5% | D90: =D89*0.015 -> 4033.3178
C91: 总计 | D91: =D89+D90 -> 272921.17
B92: 涂装 | C92: 内涂装 | D92: =SUM(N21:N66)-D93 -> 1510.0833
C93: 外涂装 | D93: =(N21+N26+N29+N30)/2+(N21/2)*0.6815+N25+N35+SUM(N47:N52) -> 2534.1653

Sheet C1类梁段
A5: 位置 | B5: 编号 | C5: 规格(mm) | D5: 数量 | E5: 单件重(kg) | F5: 共重(kg) | I5: 长边 | J5: 厚度 | K5: 短边 | L5: 侧面S | M5: 涂装
A6: 顶板 | B6: T1 | C6: =CONCATENATE("□",I6,"×",J6,"×",K6) -> □19380×16×45500 | D6: 1 | E6: =IF(L6>0,(L6*J6/1000000000*7850),(I6*J6*K6/1000000000*7850)) -> 109178.01 | F6: =D6*E6 -> 109178.01 | I6: 19380 | J6: 16 | K6: 45500 | L6: 8.692517e+08 | M6: =IF(L6>0,(L6*2/1000000),(I6*K6*2/1000000)) -> 1738.5034 | N6: =D6*M6 -> 1738.5034
B7: TJ1 | C7: =CONCATENATE("□",I7,"×",J7,"×",K7) -> □460×24×19437 | D7: 2 | E7: =IF(L7>0,(L7*J7/1000000000*7850),(I7*J7*K7/1000000000*7850)) -> 1684.4882 | F7: =D7*E7 -> 3368.9763 | I7: 460 | J7: 24 | K7: 19437 | M7: =IF(L7>0,(L7*2/1000000),(I7*K7*2/1000000)) -> 17.88204 | N7: =D7*M7 -> 35.76408
B8: TJ2 | C8: =CONCATENATE("□",I8,"×",J8,"×",K8,"(总长)") -> □140×12×794500(总长) | D8: 1 | E8: =IF(L8>0,(L8*J8/1000000000*7850),(I8*J8*K8/1000000000*7850)) -> 10477.866 | F8: =D8*E8 -> 10477.866 | I8: 140 | J8: 12 | K8: =397250*2 -> 794500 | M8: =IF(L8>0,(L8*2/1000000),(I8*K8*2/1000000)) -> 222.46 | N8: =D8*M8 -> 222.46
B9: TU1 | C9: =CONCATENATE("U",I9,"×",J9,"×",K9) -> U300×8×19010 | D9: 40 | E9: =L9*I9/1000000000*7850 -> 13.425314 | F9: =D9*E9 -> 537.01257 | I9: 300 | J9: 8 | K9: 19010 | L9: 5700.7704 | M9: =IF(L9>0,(L9*2/1000000),(I9*K9*2/1000000)) -> 0.011401541 | N9: =D9*M9 -> 0.45606163
A10: 底板 | B10: D1 | C10: =CONCATENATE("□",I10,"×",J10,"×",K10) -> □500×16×19518 | D10: 3 | E10: =IF(L10>0,(L10*J10/1000000000*7850),(I10*J10*K10/1000000000*7850)) -> 1225.7304 | F10: =D10*E10 -> 3677.1912 | I10: 500 | J10: 16 | K10: =9759*2 -> 19518 | M10: =IF(L10>0,(L10*2/1000000),(I10*K10*2/1000000)) -> 19.518 | N10: =D10*M10 -> 58.554
B11: D2 | C11: =CONCATENATE("□",I11,"×",J11,"×",K11) -> □8813×16×19778 | D11: 1 | E11: =IF(L11>0,(L11*J11/1000000000*7850),(I11*J11*K11/1000000000*7850)) -> 21892.521 | F11: =D11*E11 -> 21892.521 | I11: 8813 | J11: 16 | K11: =9889*2 -> 19778 | M11: =IF(L11>0,(L11*2/1000000),(I11*K11*2/1000000)) -> 348.60703 | N11: =D11*M11 -> 348.60703
B12: D3 | C12: =CONCATENATE("□",I12,"×",J12,"×",K12) -> □8696×36×19780 | D12: 2 | E12: =IF(L12>0,(L12*J12/1000000000*7850),(I12*J12*K12/1000000000*7850)) -> 45355.047 | F12: =D12*E12 -> 90710.095 | I12: 8696 | J12: 36 | K12: 19780 | L12: 1.6049203e+08 | M12: =IF(L12>0,(L12*2/1000000),(I12*K12*2/1000000)) -> 320.98406 | N12: =D12*M12 -> 641.96812
B13: D4 | C13: =CONCATENATE("□",I13,"×",J13,"×",K13,"(平均)") -> □380×16×3021(平均) | D13: 14 | E13: =IF(L13>0,(L13*J13/1000000000*7850),(I13*J13*K13/1000000000*7850)) -> 144.18629 | F13: =D13*E13 -> 2018.608 | I13: 380 | J13: 16 | K13: =(2656+3386)/2 -> 3021 | M13: =IF(L13>0,(L13*2/1000000),(I13*K13*2/1000000)) -> 2.29596 | N13: =D13*M13 -> 32.14344
B14: D4a | C14: =CONCATENATE("□",I14,"×",J14,"×",K14) -> □246×16×2656 | D14: 2 | E14: =IF(L14>0,(L14*J14/1000000000*7850),(I14*J14*K14/1000000000*7850)) -> 82.064026 | F14: =D14*E14 -> 164.12805 | I14: 246 | J14: 16 | K14: 2656 | M14: =IF(L14>0,(L14*2/1000000),(I14*K14*2/1000000)) -> 1.306752 | N14: =D14*M14 -> 2.613504
B15: DJ1 | C15: =CONCATENATE("□",I15,"×",J15,"×",K15,"(总长)") -> □140×12×352038(总长) | D15: 1 | E15: =IF(L15>0,(L15*J15/1000000000*7850),(I15*J15*K15/1000000000*7850)) -> 4642.6771 | F15: =D15*E15 -> 4642.6771 | I15: 140 | J15: 12 | K15: =176019*2 -> 352038 | M15: =IF(L15>0,(L15*2/1000000),(I15*K15*2/1000000)) -> 98.57064 | N15: =D15*M15 -> 98.57064
B16: DJ2 | C16: =CONCATENATE("□",I16,"×",J16,"×",K16) -> □140×12×19878 | D16: 12 | E16: =IF(L16>0,(L16*J16/1000000000*7850),(I16*J16*K16/1000000000*7850)) -> 262.15106 | F16: =D16*E16 -> 3145.8128 | I16: 140 | J16: 12 | K16: =9939*2 -> 19878 | M16: =IF(L16>0,(L16*2/1000000),(I16*K16*2/1000000)) -> 5.56584 | N16: =D16*M16 -> 66.79008
A17: 腹板 | B17: F1 | C17: =CONCATENATE("□",I17,"×",J17,"×",K17) -> □3056×14×19749 | D17: 2 | E17: =IF(L17>0,(L17*J17/1000000000*7850),(I17*J17*K17/1000000000*7850)) -> 6615.7028 | F17: =D17*E17 -> 13231.406 | I17: 3056 | J17: 14 | K17: 19749 | L17: 60197478 | M17: =IF(L17>0,(L17*2/1000000),(I17*K17*2/1000000)) -> 120.39496 | N17: =D17*M17 -> 240.78991
B18: F2 | C18: =CONCATENATE("□",I18,"×",J18,"×",K18) -> □2285×14×19218 | D18: 2 | E18: =IF(L18>0,(L18*J18/1000000000*7850),(I18*J18*K18/1000000000*7850)) -> 4826.053 | F18: =D18*E18 -> 9652.106 | I18: 2285 | J18: 14 | K18: 19218 | M18: =IF(L18>0,(L18*2/1000000),(I18*K18*2/1000000)) -> 87.82626 | N18: =D18*M18 -> 175.65252
B19: F3 | C19: =CONCATENATE("□",I19,"×",J19,"×",K19) -> □2195×40×16283 | D19: 2 | E19: =IF(L19>0,(L19*J19/1000000000*7850),(I19*J19*K19/1000000000*7850)) -> 10733.962 | F19: =D19*E19 -> 21467.923 | I19: 2195 | J19: 40 | K19: 16283 | L19: 34184591 | M19: =IF(L19>0,(L19*2/1000000),(I19*K19*2/1000000)) -> 68.369182 | N19: =D19*M19 -> 136.73836
B20: F3a | C20: =CONCATENATE("□",I20,"×",J20,"×",K20) -> □2195×24×138 | D20: 2 | E20: =IF(L20>0,(L20*J20/1000000000*7850),(I20*J20*K20/1000000000*7850)) -> 57.068244 | F20: =D20*E20 -> 114.13649 | I20: 2195 | J20: 24 | K20: 138 | M20: =IF(L20>0,(L20*2/1000000),(I20*K20*2/1000000)) -> 0.60582 | N20: =D20*M20 -> 1.21164
B21: F4 | C21: =CONCATENATE("□",I21,"×",J21,"×",K21) -> □2187×40×18418 | D21: 2 | E21: =IF(L21>0,(L21*J21/1000000000*7850),(I21*J21*K21/1000000000*7850)) -> 12213.867 | F21: =D21*E21 -> 24427.734 | I21: 2187 | J21: 40 | K21: 18418 | L21: 38897666 | M21: =IF(L21>0,(L21*2/1000000),(I21*K21*2/1000000)) -> 77.795331 | N21: =D21*M21 -> 155.59066
B22: F4a | C22: =CONCATENATE("□",I22,"×",J22,"×",K22) -> □2187×24×138 | D22: 2 | E22: =IF(L22>0,(L22*J22/1000000000*7850),(I22*J22*K22/1000000000*7850)) -> 56.86025 | F22: =D22*E22 -> 113.7205 | I22: =I21 -> 2187 | J22: 24 | K22: 138 | M22: =IF(L22>0,(L22*2/1000000),(I22*K22*2/1000000)) -> 0.603612 | N22: =D22*M22 -> 1.207224
B23: F5 | C23: =CONCATENATE("□",I23,"×",J23,"×",K23) -> □2179×40×19683 | D23: 2 | E23: =IF(L23>0,(L23*J23/1000000000*7850),(I23*J23*K23/1000000000*7850)) -> 13467.227 | F23: =D23*E23 -> 26934.453 | I23: 2179 | J23: 40 | K23: 19683 | M23: =IF(L23>0,(L23*2/1000000),(I23*K23*2/1000000)) -> 85.778514 | N23: =D23*M23 -> 171.55703
B24: F5a | C24: =CONCATENATE("□",I24,"×",J24,"×",K24) -> □2179×24×138 | D24: 2 | E24: =IF(L24>0,(L24*J24/1000000000*7850),(I24*J24*K24/1000000000*7850)) -> 56.652257 | F24: =D24*E24 -> 113.30451 | I24: =I23 -> 2179 | J24: 24 | K24: 138 | M24: =IF(L24>0,(L24*2/1000000),(I24*K24*2/1000000)) -> 0.601404 | N24: =D24*M24 -> 1.202808
B25: F6 | C25: =CONCATENATE("□",I25,"×",J25,"×",K25,"(平均)") -> □2126×12×2353(平均) | D25: 16 | E25: =IF(L25>0,(L25*J25/1000000000*7850),(I25*J25*K25/1000000000*7850)) -> 398.08149 | F25: =D25*E25 -> 6369.3039 | I25: =(1764+2488)/2 -> 2126 | J25: 12 | K25: =(2326+2380)/2 -> 2353 | L25: =(3396121.3827+5055714.954)/2 -> 4225918.2 | M25: =IF(L25>0,(L25*2/1000000),(I25*K25*2/1000000)) -> 8.4518363 | N25: =D25*M25 -> 135.22938
B26: FJ1 | C26: =CONCATENATE("□",I26,"×",J26,"×",K26,"(总长)") -> □140×12×746703(总长) | D26: 1 | E26: =IF(L26>0,(L26*J26/1000000000*7850),(I26*J26*K26/1000000000*7850)) -> 9847.5192 | F26: =D26*E26 -> 9847.5192 | I26: 140 | J26: 12 | K26: =373351.5*2 -> 746703 | M26: =IF(L26>0,(L26*2/1000000),(I26*K26*2/1000000)) -> 209.07684 | N26: =D26*M26 -> 209.07684
B27: FJ2 | C27: =CONCATENATE("□",I27,"×",J27,"×",K27) -> □176×16×450 | D27: =4*4+2 -> 18 | E27: =IF(L27>0,(L27*J27/1000000000*7850),(I27*J27*K27/1000000000*7850)) -> 9.94752 | F27: =D27*E27 -> 179.05536 | I27: 176 | J27: 16 | K27: 450 | M27: =IF(L27>0,(L27*2/1000000),(I27*K27*2/1000000)) -> 0.1584 | N27: =D27*M27 -> 2.8512
B28: FJ3 | C28: =CONCATENATE("□",I28,"×",J28,"×",K28) -> □184×16×450 | D28: 12 | E28: =IF(L28>0,(L28*J28/1000000000*7850),(I28*J28*K28/1000000000*7850)) -> 10.39968 | F28: =D28*E28 -> 124.79616 | I28: 184 | J28: 16 | K28: 450 | M28: =IF(L28>0,(L28*2/1000000),(I28*K28*2/1000000)) -> 0.1656 | N28: =D28*M28 -> 1.9872
B29: FJ4 | C29: =CONCATENATE("□",I29,"×",J29,"×",K29,"(平均)") -> □100×10×1500(平均) | D29: =16*2 -> 32 | E29: =IF(L29>0,(L29*J29/1000000000*7850),(I29*J29*K29/1000000000*7850)) -> 11.775 | F29: =D29*E29 -> 376.8 | I29: 100 | J29: 10 | K29: =(1400+1600)/2 -> 1500 | M29: =IF(L29>0,(L29*2/1000000),(I29*K29*2/1000000)) -> 0.3 | N29: =D29*M29 -> 9.6
B30: FJ5 | C30: =CONCATENATE("□",I30,"×",J30,"×",K30) -> □100×10×1290 | D30: =16*2 -> 32 | E30: =IF(L30>0,(L30*J30/1000000000*7850),(I30*J30*K30/1000000000*7850)) -> 10.1265 | F30: =D30*E30 -> 324.048 | I30: 100 | J30: 10 | K30: 1290 | M30: =IF(L30>0,(L30*2/1000000),(I30*K30*2/1000000)) -> 0.258 | N30: =D30*M30 -> 8.256
A31: 横隔板 | B31: HG1 | C31: =CONCATENATE("□",I31,"×",J31,"×",K31) -> □2179×12×4177 | D31: 2 | E31: =IF(L31>0,(L31*J31/1000000000*7850),(I31*J31*K31/1000000000*7850)) -> 686.43671 | F31: =D31*E31 -> 1372.8734 | I31: 2179 | J31: 12 | K31: 4177 | L31: 7287013.9 | M31: =IF(L31>0,(L31*2/1000000),(I31*K31*2/1000000)) -> 14.574028 | N31: =D31*M31 -> 29.148056
B32: HG1a | C32: =CONCATENATE("□",I32,"×",J32,"×",K32) -> □788×12×2187 | D32: 2 | E32: =IF(L32>0,(L32*J32/1000000000*7850),(I32*J32*K32/1000000000*7850)) -> 133.1754 | F32: =D32*E32 -> 266.3508 | I32: 788 | J32: 12 | K32: 2187 | L32: 1413751.6 | M32: =IF(L32>0,(L32*2/1000000),(I32*K32*2/1000000)) -> 2.8275032 | N32: =D32*M32 -> 5.6550063
B33: HG1b | C33: =CONCATENATE("□",I33,"×",J33,"×",K33) -> □2187×12×4443 | D33: 2 | E33: =IF(L33>0,(L33*J33/1000000000*7850),(I33*J33*K33/1000000000*7850)) -> 627.85799 | F33: =D33*E33 -> 1255.716 | I33: 2187 | J33: 12 | K33: 4443 | L33: 6665159.2 | M33: =IF(L33>0,(L33*2/1000000),(I33*K33*2/1000000)) -> 13.330318 | N33: =D33*M33 -> 26.660637
B34: HG2 | C34: =CONCATENATE("□",I34,"×",J34,"×",K34) -> □2179×12×4177 | D34: 2 | E34: =IF(L34>0,(L34*J34/1000000000*7850),(I34*J34*K34/1000000000*7850)) -> 686.43671 | F34: =D34*E34 -> 1372.8734 | I34: 2179 | J34: 12 | K34: 4177 | L34: 7287013.9 | M34: =IF(L34>0,(L34*2/1000000),(I34*K34*2/1000000)) -> 14.574028 | N34: =D34*M34 -> 29.148056
B35: HG2a | C35: =CONCATENATE("□",I35,"×",J35,"×",K35) -> □788×12×2187 | D35: 2 | E35: =IF(L35>0,(L35*J35/1000000000*7850),(I35*J35*K35/1000000000*7850)) -> 133.1754 | F35: =D35*E35 -> 266.3508 | I35: 788 | J35: 12 | K35: 2187 | L35: 1413751.6 | M35: =IF(L35>0,(L35*2/1000000),(I35*K35*2/1000000)) -> 2.8275032 | N35: =D35*M35 -> 5.6550063
B36: HG2b | C36: =CONCATENATE("□",I36,"×",J36,"×",K36) -> □788×12×2195 | D36: 2 | E36: =IF(L36>0,(L36*J36/1000000000*7850),(I36*J36*K36/1000000000*7850)) -> 133.79308 | F36: =D36*E36 -> 267.58615 | I36: 788 | J36: 12 | K36: 2195 | L36: 1420308.7 | M36: =IF(L36>0,(L36*2/1000000),(I36*K36*2/1000000)) -> 2.8406173 | N36: =D36*M36 -> 5.6812347
B37: HG2c | C37: =CONCATENATE("□",I37,"×",J37,"×",K37) -> □2195×12×4141 | D37: 2 | E37: =IF(L37>0,(L37*J37/1000000000*7850),(I37*J37*K37/1000000000*7850)) -> 566.47543 | F37: =D37*E37 -> 1132.9509 | I37: 2195 | J37: 12 | K37: 4141 | L37: 6013539.5 | M37: =IF(L37>0,(L37*2/1000000),(I37*K37*2/1000000)) -> 12.027079 | N37: =D37*M37 -> 24.054158
B38: HG3 | C38: =CONCATENATE("□",I38,"×",J38,"×",K38) -> □2179×12×4177 | D38: 2 | E38: =IF(L38>0,(L38*J38/1000000000*7850),(I38*J38*K38/1000000000*7850)) -> 686.43671 | F38: =D38*E38 -> 1372.8734 | I38: 2179 | J38: 12 | K38: 4177 | L38: 7287013.9 | M38: =IF(L38>0,(L38*2/1000000),(I38*K38*2/1000000)) -> 14.574028 | N38: =D38*M38 -> 29.148056
B39: HG3a | C39: =CONCATENATE("□",I39,"×",J39,"×",K39) -> □788×12×2187 | D39: 2 | E39: =IF(L39>0,(L39*J39/1000000000*7850),(I39*J39*K39/1000000000*7850)) -> 133.1754 | F39: =D39*E39 -> 266.3508 | I39: 788 | J39: 12 | K39: 2187 | L39: 1413751.6 | M39: =IF(L39>0,(L39*2/1000000),(I39*K39*2/1000000)) -> 2.8275032 | N39: =D39*M39 -> 5.6550063
B40: HG3b | C40: =CONCATENATE("□",I40,"×",J40,"×",K40) -> □788×12×2195 | D40: 2 | E40: =IF(L40>0,(L40*J40/1000000000*7850),(I40*J40*K40/1000000000*7850)) -> 133.79308 | F40: =D40*E40 -> 267.58615 | I40: 788 | J40: 12 | K40: 2195 | L40: 1420308.7 | M40: =IF(L40>0,(L40*2/1000000),(I40*K40*2/1000000)) -> 2.8406173 | N40: =D40*M40 -> 5.6812347
B41: HG3c | C41: =CONCATENATE("□",I41,"×",J41,"×",K41) -> □2195×12×4666 | D41: 2 | E41: =IF(L41>0,(L41*J41/1000000000*7850),(I41*J41*K41/1000000000*7850)) -> 675.37581 | F41: =D41*E41 -> 1350.7516 | I41: 2195 | J41: 12 | K41: 4666 | L41: 7169594.6 | M41: =IF(L41>0,(L41*2/1000000),(I41*K41*2/1000000)) -> 14.339189 | N41: =D41*M41 -> 28.678378
B42: HG4 | C42: =CONCATENATE("□",I42,"×",J42,"×",K42) -> □2179×28×4177 | D42: 2 | E42: =IF(L42>0,(L42*J42/1000000000*7850),(I42*J42*K42/1000000000*7850)) -> 1606.0032 | F42: =D42*E42 -> 3212.0065 | I42: 2179 | J42: 28 | K42: 4177 | L42: 7306657.2 | M42: =IF(L42>0,(L42*2/1000000),(I42*K42*2/1000000)) -> 14.613314 | N42: =D42*M42 -> 29.226629
B43: HG4a | C43: =CONCATENATE("□",I43,"×",J43,"×",K43) -> □819×40×2187 | D43: 2 | E43: =IF(L43>0,(L43*J43/1000000000*7850),(I43*J43*K43/1000000000*7850)) -> 465.32316 | F43: =D43*E43 -> 930.64631 | I43: 819 | J43: 40 | K43: 2187 | L43: 1481920.9 | M43: =IF(L43>0,(L43*2/1000000),(I43*K43*2/1000000)) -> 2.9638418 | N43: =D43*M43 -> 5.9276835
... B57: HG7c | C57: =CONCATENATE("□",I57,"×",J57,"×",K57) -> □2196×28×5213 | D57: 2 | E57: =IF(L57>0,(L57*J57/1000000000*7850),(I57*J57*K57/1000000000*7850)) -> 1843.4331 | F57: =D57*E57 -> 3686.8662 | I57: 2196 | J57: 28 | K57: 5213 | L57: 8386865.9 | M57: =IF(L57>0,(L57*2/1000000),(I57*K57*2/1000000)) -> 16.773732 | N57: =D57*M57 -> 33.547464
B58: HG8 | C58: =CONCATENATE("□",I58,"×",J58,"×",K58) -> □2384×24×41192 | D58: 2 | E58: =IF(L58>0,(L58*J58/1000000000*7850),(I58*J58*K58/1000000000*7850)) -> 16648.557 | F58: =D58*E58 -> 33297.115 | I58: 2384 | J58: 24 | K58: =20596*2 -> 41192 | L58: =44184069.6861*2 -> 88368139 | M58: =IF(L58>0,(L58*2/1000000),(I58*K58*2/1000000)) -> 176.73628 | N58: =D58*M58 -> 353.47256
B59: HG9 | C59: =CONCATENATE("□",I59,"×",J59,"×",K59,"(平均)") -> □873×12×3013(平均) | D59: 16 | E59: =IF(L59>0,(L59*J59/1000000000*7850),(I59*J59*K59/1000000000*7850)) -> 111.98768 | F59: =D59*E59 -> 1791.8028 | I59: 873 | J59: 12 | K59: 3013 | L59: =(1142299.5368+1235358.1602)/2 -> 1188828.8 | M59: =IF(L59>0,(L59*2/1000000),(I59*K59*2/1000000)) -> 2.3776577 | N59: =D59*M59 -> 38.042523
B60: HL1 | C60: =CONCATENATE("□",I60,"×",J60,"×",K60) -> □2384×12×19864 | D60: 3 | E60: =IF(L60>0,(L60*J60/1000000000*7850),(I60*J60*K60/1000000000*7850)) -> 4011.9568 | F60: =D60*E60 -> 12035.87 | I60: 2384 | J60: 12 | K60: 19864 | L60: =21294887.2264*2 -> 42589774 | M60: =IF(L60>0,(L60*2/1000000),(I60*K60*2/1000000)) -> 85.179549 | N60: =D60*M60 -> 255.53865
B61: HL2 | C61: =CONCATENATE("□",I61,"×",J61,"×",K61) -> □2384×12×19864 | D61: 3 | E61: =IF(L61>0,(L61*J61/1000000000*7850),(I61*J61*K61/1000000000*7850)) -> 3950.8958 | F61: =D61*E61 -> 11852.687 | I61: 2384 | J61: 12 | K61: 19864 | L61: =20970784.6742*2 -> 41941569 | M61: =IF(L61>0,(L61*2/1000000),(I61*K61*2/1000000)) -> 83.883139 | N61: =D61*M61 -> 251.64942
B62: HL3 | C62: =CONCATENATE("□",I62,"×",J62,"×",K62) -> □2384×24×19864 | D62: 1 | E62: =IF(L62>0,(L62*J62/1000000000*7850),(I62*J62*K62/1000000000*7850)) -> 8024.2285 | F62: =D62*E62 -> 8024.2285 | I62: 2384 | J62: 24 | K62: 19864 | L62: =21295723.2163*2 -> 42591446 | M62: =IF(L62>0,(L62*2/1000000),(I62*K62*2/1000000)) -> 85.182893 | N62: =D62*M62 -> 85.182893
A63: 横隔板加劲 | B63: HJ1 | C63: =CONCATENATE("□",I63,"×",J63,"×",K63) -> □140×12×19180 | D63: 6 | E63: =IF(L63>0,(L63*J63/1000000000*7850),(I63*J63*K63/1000000000*7850)) -> 252.94584 | F63: =D63*E63 -> 1517.675 | I63: 140 | J63: 12 | K63: =9590*2 -> 19180 | M63: =IF(L63>0,(L63*2/1000000),(I63*K63*2/1000000)) -> 5.3704 | N63: =D63*M63 -> 32.2224
B64: HJ2 | C64: =CONCATENATE("□",I64,"×",J64,"×",K64,"(平均)") -> □180×12×1830(平均) | D64: 60 | E64: =IF(L64>0,(L64*J64/1000000000*7850),(I64*J64*K64/1000000000*7850)) -> 31.02948 | F64: =D64*E64 -> 1861.7688 | I64: 180 | J64: 12 | K64: 1830 | M64: =IF(L64>0,(L64*2/1000000),(I64*K64*2/1000000)) -> 0.6588 | N64: =D64*M64 -> 39.528
B65: HJ3 | C65: =CONCATENATE("□",I65,"×",J65,"×",K65,"(平均)") -> □100×10×19440(平均) | D65: 6 | E65: =IF(L65>0,(L65*J65/1000000000*7850),(I65*J65*K65/1000000000*7850)) -> 152.604 | F65: =D65*E65 -> 915.624 | I65: 100 | J65: 10 | K65: =9589+9851 -> 19440 | M65: =IF(L65>0,(L65*2/1000000),(I65*K65*2/1000000)) -> 3.888 | N65: =D65*M65 -> 23.328
B66: HJ3a | C66: =CONCATENATE("□",I66,"×",J66,"×",K66,"(平均)") -> □100×10×9120(平均) | D66: 12 | E66: =IF(L66>0,(L66*J66/1000000000*7850),(I66*J66*K66/1000000000*7850)) -> 71.592 | F66: =D66*E66 -> 859.104 | I66: 100 | J66: 10 | K66: =(9076+9164)/2 -> 9120 | M66: =IF(L66>0,(L66*2/1000000),(I66*K66*2/1000000)) -> 1.824 | N66: =D66*M66 -> 21.888
B67: HJ4 | C67: =CONCATENATE("□",I67,"×",J67,"×",K67) -> □100×10×1340 | D67: 6 | E67: =IF(L67>0,(L67*J67/1000000000*7850),(I67*J67*K67/1000000000*7850)) -> 10.519 | F67: =D67*E67 -> 63.114 | I67: 100 | J67: 10 | K67: 1340 | M67: =IF(L67>0,(L67*2/1000000),(I67*K67*2/1000000)) -> 0.268 | N67: =D67*M67 -> 1.608
B68: HJ5 | C68: =CONCATENATE("□",I68,"×",J68,"×",K68,"(平均)") -> □140×12×19440(平均) | D68: 8 | E68: =IF(L68>0,(L68*J68/1000000000*7850),(I68*J68*K68/1000000000*7850)) -> 256.37472 | F68: =D68*E68 -> 2050.9978 | I68: 140 | J68: 12 | K68: =9589+9851 -> 19440 | M68: =IF(L68>0,(L68*2/1000000),(I68*K68*2/1000000)) -> 5.4432 | N68: =D68*M68 -> 43.5456
B69: HJ6 | C69: =CONCATENATE("□",I69,"×",J69,"×",K69,"(平均)") -> □100×10×1571(平均) | D69: =(7+7+7+7+6+6+7)*2 -> 94 | E69: =IF(L69>0,(L69*J69/1000000000*7850),(I69*J69*K69/1000000000*7850)) -> 12.33235 | F69: =D69*E69 -> 1159.2409 | I69: 100 | J69: 10 | K69: =(1833+1309)/2 -> 1571 | M69: =IF(L69>0,(L69*2/1000000),(I69*K69*2/1000000)) -> 0.3142 | N69: =D69*M69 -> 29.5348
B70: HJ7 | C70: =CONCATENATE("□",I70,"×",J70,"×",K70,"(平均)") -> □100×10×3054(平均) | D70: =(4*7)*2 -> 56 | E70: =IF(L70>0,(L70*J70/1000000000*7850),(I70*J70*K70/1000000000*7850)) -> 23.9739 | F70: =D70*E70 -> 1342.5384 | I70: 100 | J70: 10 | K70: =(2042+4066)/2 -> 3054 | M70: =IF(L70>0,(L70*2/1000000),(I70*K70*2/1000000)) -> 0.6108 | N70: =D70*M70 -> 34.2048
B71: HJ8 | C71: =CONCATENATE("□",I71,"×",J71,"×",K71) -> □134×12×300 | D71: =7*2*2 -> 28 | E71: =IF(L71>0,(L71*J71/1000000000*7850),(I71*J71*K71/1000000000*7850)) -> 3.78684 | F71: =D71*E71 -> 106.03152 | I71: 134 | J71: 12 | K71: 300 | M71: =IF(L71>0,(L71*2/1000000),(I71*K71*2/1000000)) -> 0.0804 | N71: =D71*M71 -> 2.2512
B72: HJ8a | C72: =CONCATENATE("□",I72,"×",J72,"×",K72) -> □134×12×400 | D72: =(1)*2*2 -> 4 | E72: =IF(L72>0,(L72*J72/1000000000*7850),(I72*J72*K72/1000000000*7850)) -> 5.04912 | F72: =D72*E72 -> 20.19648 | I72: 134 | J72: 12 | K72: 400 | M72: =IF(L72>0,(L72*2/1000000),(I72*K72*2/1000000)) -> 0.1072 | N72: =D72*M72 -> 0.4288
A73: 人洞加劲 | B73: R1 | C73: =CONCATENATE("□",I73,"×",J73,"×",K73) -> □110×10×3748 | D73: =(7)*2 -> 14 | E73: =IF(L73>0,(L73*J73/1000000000*7850),(I73*J73*K73/1000000000*7850)) -> 32.36398 | F73: =D73*E73 -> 453.09572 | I73: 110 | J73: 10 | K73: 3748 | M73: =IF(L73>0,(L73*2/1000000),(I73*K73*2/1000000)) -> 0.82456 | N73: =D73*M73 -> 11.54384
B74: R2 | C74: =CONCATENATE("□",I74,"×",J74,"×",K74) -> □110×10×2996 | D74: =3+(7+8)*2 -> 33 | E74: =IF(L74>0,(L74*J74/1000000000*7850),(I74*J74*K74/1000000000*7850)) -> 25.87046 | F74: =D74*E74 -> 853.72518 | I74: 110 | J74: 10 | K74: 2996 | M74: =IF(L74>0,(L74*2/1000000),(I74*K74*2/1000000)) -> 0.65912 | N74: =D74*M74 -> 21.75096
B75: R3 | C75: =CONCATENATE("□",I75,"×",J75,"×",K75) -> □110×10×1324 | D75: =(10+1)*2 -> 22 | E75: =IF(L75>0,(L75*J75/1000000000*7850),(I75*J75*K75/1000000000*7850)) -> 11.43274 | F75: =D75*E75 -> 251.52028 | I75: 110 | J75: 10 | K75: 1324 | M75: =IF(L75>0,(L75*2/1000000),(I75*K75*2/1000000)) -> 0.29128 | N75: =D75*M75 -> 6.40816
B76: R4 | C76: =CONCATENATE("□",I76,"×",J76,"×",K76) -> □110×10×2462 | D76: 8 | E76: =IF(L76>0,(L76*J76/1000000000*7850),(I76*J76*K76/1000000000*7850)) -> 21.25937 | F76: =D76*E76 -> 170.07496 | I76: 110 | J76: 10 | K76: 2462 | M76: =IF(L76>0,(L76*2/1000000),(I76*K76*2/1000000)) -> 0.54164 | N76: =D76*M76 -> 4.33312
A77: 支座加劲 | B77: Z1 | C77: =CONCATENATE("□",I77,"×",J77,"×",K77) -> □3400×40×4000 | D77: 2 | E77: =IF(L77>0,(L77*J77/1000000000*7850),(I77*J77*K77/1000000000*7850)) -> 4270.4 | F77: =D77*E77 -> 8540.8 | I77: 3400 | J77: 40 | K77: 4000 | M77: =IF(L77>0,(L77*2/1000000),(I77*K77*2/1000000)) -> 27.2 | N77: =D77*M77 -> 54.4
B78: Z2 | C78: =CONCATENATE("□",I78,"×",J78,"×",K78,"(平均)") -> □806×28×1700(平均) | D78: 6 | E78: =IF(L78>0,(L78*J78/1000000000*7850),(I78*J78*K78/1000000000*7850)) -> 200.12414 | F78: =D78*E78 -> 1200.7448 | I78: 806 | J78: 28 | K78: 1700 | L78: =(807327.8059+945637.9514)/2+20*1700 -> 910482.88 | M78: =IF(L78>0,(L78*2/1000000),(I78*K78*2/1000000)) -> 1.8209658 | N78: =D78*M78 -> 10.925795
B79: Z3 | C79: =CONCATENATE("□",I79,"×",J79,"×",K79,"(平均)") -> □898×28×1700(平均) | D79: 6 | E79: =IF(L79>0,(L79*J79/1000000000*7850),(I79*J79*K79/1000000000*7850)) -> 242.36236 | F79: =D79*E79 -> 1454.1742 | I79: 898 | J79: 28 | K79: 1700 | L79: =(922293.617+1215005.3883)/2+1700*20 -> 1102649.5 | M79: =IF(L79>0,(L79*2/1000000),(I79*K79*2/1000000)) -> 2.205299 | N79: =D79*M79 -> 13.231794
B80: Z4 | C80: =CONCATENATE("□",I80,"×",J80,"×",K80,"(平均)") -> □1065×28×2190(平均) | D80: 8 | E80: =IF(L80>0,(L80*J80/1000000000*7850),(I80*J80*K80/1000000000*7850)) -> 425.86661 | F80: =D80*E80 -> 3406.9329 | I80: 1065 | J80: 28 | K80: 2190 | L80: =1893718.7115+43800 -> 1937518.7 | M80: =IF(L80>0,(L80*2/1000000),(I80*K80*2/1000000)) -> 3.8750374 | N80: =D80*M80 -> 31.000299
B81: Z5 | C81: =CONCATENATE("□",I81,"×",J81,"×",K81) -> □300×36×518 | D81: 4 | E81: =IF(L81>0,(L81*J81/1000000000*7850),(I81*J81*K81/1000000000*7850)) -> 43.91604 | F81: =D81*E81 -> 175.66416 | I81: 300 | J81: 36 | K81: 518 | M81: =IF(L81>0,(L81*2/1000000),(I81*K81*2/1000000)) -> 0.3108 | N81: =D81*M81 -> 1.2432
B82: Z5a | C82: =CONCATENATE("□",I82,"×",J82,"×",K82) -> □300×36×454 | D82: 4 | E82: =IF(L82>0,(L82*J82/1000000000*7850),(I82*J82*K82/1000000000*7850)) -> 38.49012 | F82: =D82*E82 -> 153.96048 | I82: 300 | J82: 36 | K82: 454 | M82: =IF(L82>0,(L82*2/1000000),(I82*K82*2/1000000)) -> 0.2724 | N82: =D82*M82 -> 1.0896
B83: Z6 | C83: =CONCATENATE("□",I83,"×",J83,"×",K83) -> □400×36×1000 | D83: 2 | E83: =IF(L83>0,(L83*J83/1000000000*7850),(I83*J83*K83/1000000000*7850)) -> 113.04 | F83: =D83*E83 -> 226.08 | I83: 400 | J83: 36 | K83: 1000 | M83: =IF(L83>0,(L83*2/1000000),(I83*K83*2/1000000)) -> 0.8 | N83: =D83*M83 -> 1.6
B84: Z7 | C84: =CONCATENATE("□",I84,"×",J84,"×",K84) -> □250×36×1000 | D84: 2 | E84: =IF(L84>0,(L84*J84/1000000000*7850),(I84*J84*K84/1000000000*7850)) -> 70.65 | F84: =D84*E84 -> 141.3 | I84: 250 | J84: 36 | K84: 1000 | M84: =IF(L84>0,(L84*2/1000000),(I84*K84*2/1000000)) -> 0.5 | N84: =D84*M84 -> 1
B85: Z8 | C85: =CONCATENATE("□",I85,"×",J85,"×",K85) -> □400×28×714 | D85: 10 | E85: =IF(L85>0,(L85*J85/1000000000*7850),(I85*J85*K85/1000000000*7850)) -> 60.30213 | F85: =D85*E85 -> 603.0213 | I85: 400 | J85: 28 | K85: 714 | L85: 274350 | M85: =IF(L85>0,(L85*2/1000000),(I85*K85*2/1000000)) -> 0.5487 | N85: =D85*M85 -> 5.487
A86: 槽口 | B86: C1 | C86: =CONCATENATE("□",I86,"×",J86,"×",K86) -> □261×16×24500 | D86: 1 | E86: =IF(L86>0,(L86*J86/1000000000*7850),(I86*J86*K86/1000000000*7850)) -> 803.1492 | F86: =D86*E86 -> 803.1492 | I86: 261 | J86: 16 | K86: =12250*2 -> 24500 | M86: =IF(L86>0,(L86*2/1000000),(I86*K86*2/1000000)) -> 12.789 | N86: =D86*M86 -> 12.789
B87: C2 | C87: =CONCATENATE("□",I87,"×",J87,"×",K87) -> □370×16×24500 | D87: 1 | E87: =IF(L87>0,(L87*J87/1000000000*7850),(I87*J87*K87/1000000000*7850)) -> 1138.564 | F87: =D87*E87 -> 1138.564 | I87: 370 | J87: 16 | K87: =12250*2 -> 24500 | M87: =IF(L87>0,(L87*2/1000000),(I87*K87*2/1000000)) -> 18.13 | N87: =D87*M87 -> 18.13
B88: C3 | C88: =CONCATENATE("□",I88,"×",J88,"×",K88) -> □261×16×370 | D88: 2 | E88: =IF(L88>0,(L88*J88/1000000000*7850),(I88*J88*K88/1000000000*7850)) -> 12.129192 | F88: =D88*E88 -> 24.258384 | I88: 261 | J88: 16 | K88: 370 | M88: =IF(L88>0,(L88*2/1000000),(I88*K88*2/1000000)) -> 0.19314 | N88: =D88*M88 -> 0.38628
B89: C4 | C89: =CONCATENATE("□",I89,"×",J89,"×",K89) -> □138×16×150 | D89: =17*4 -> 68 | E89: =IF(L89>0,(L89*J89/1000000000*7850),(I89*J89*K89/1000000000*7850)) -> 1.8020946 | F89: =D89*E89 -> 122.54243 | I89: 138 | J89: 16 | K89: 150 | L89: 14347.887 | M89: =IF(L89>0,(L89*2/1000000),(I89*K89*2/1000000)) -> 0.028695774 | N89: =D89*M89 -> 1.9513127
B90: 合计（kg） | F90: =SUM(F6:F89) -> 504075.98
B91: 焊缝1.5%（kg） | F91: =F90*0.015 -> 7561.1397
B92: 总计（kg） | F92: =F90+F91 -> 511637.12
N96: =58.3+131.5+3.8 -> 193.6
B100: 材料 | C100: 规格 | D100: 数量
C101: mm | D101: kg
B102: 钢材(Q345D) | C102: t=10 | D102: =SUMIF($J$6:$J$89,"10",$F$6:$F$89) -> 6768.8854
C103: t=12 | D103: =SUMIF($J$6:$J$89,"12",$F$6:$F$89) -> 74912.473
C104: t=14 | D104: =SUMIF($J$6:$J$89,"14",$F$6:$F$89) -> 22883.512
C105: t=16 | D105: =SUMIF($J$6:$J$89,"16",$F$6:$F$89) -> 139322.83
C106: t=24 | D106: =SUMIF($J$6:$J$89,"24",$F$6:$F$89) -> 45031.481
C107: t=28 | D107: =SUMIF($J$6:$J$89,"28",$F$6:$F$89) -> 35326.699
C108: t=36 | D108: =SUMIF($J$6:$J$89,"36",$F$6:$F$89) -> 91407.1
C109: t=40 | D109: =SUMIF($J$6:$J$89,"40",$F$6:$F$89) -> 87885.991
C110: U型肋(t=8) | D110: =SUMIF($J$6:$J$89,"8",$F$6:$F$89) -> 537.01257
C111: 合计 | D111: =SUM(D102:D110) -> 504075.98
C112: 焊缝1.5% | D112: =D111*0.015 -> 7561.1397
C113: 总计 | D113: =D111+D112 -> 511637.12
B114: 涂装 | C114: 内涂装 | D114: =SUM(N6:N89)-D115 -> 4134.3296
C115: 外涂装 | D115: =(N6+N12+N17+N18)/2+(N6/2)*0.6815+N10+N31+SUM(N63:N69) -> 2270.2089

Sheet C2类梁段
A5: 位置 | B5: 编号 | C5: 规格(mm) | D5: 数量 | E5: 单件重(kg) | F5: 共重(kg) | I5: 长边 | J5: 厚度 | K5: 短边 | L5: 侧面S | M5: 涂装
A6: 顶板 | B6: T1 | C6: =CONCATENATE("□",I6,"×",J6,"×",K6) -> □19380×16×45500 | D6: 1 | E6: =IF(L6>0,(L6*J6/1000000000*7850),(I6*J6*K6/1000000000*7850)) -> 108067.29 | F6: =D6*E6 -> 108067.29 | I6: 19380 | J6: 16 | K6: 45500 | L6: =430204171.5788*2 -> 8.6040834e+08 | M6: =IF(L6>0,(L6*2/1000000),(I6*K6*2/1000000)) -> 1720.8167 | N6: =D6*M6 -> 1720.8167
B7: TJ1 | C7: =CONCATENATE("□",I7,"×",J7,"×",K7) -> □460×24×19433 | D7: 2 | E7: =IF(L7>0,(L7*J7/1000000000*7850),(I7*J7*K7/1000000000*7850)) -> 1684.1415 | F7: =D7*E7 -> 3368.283 | I7: 460 | J7: 24 | K7: 19433 | M7: =IF(L7>0,(L7*2/1000000),(I7*K7*2/1000000)) -> 17.87836 | N7: =D7*M7 -> 35.75672
B8: TJ2 | C8: =CONCATENATE("□",I8,"×",J8,"×",K8,"(总长)") -> □140×12×740106(总长) | D8: 1 | E8: =IF(L8>0,(L8*J8/1000000000*7850),(I8*J8*K8/1000000000*7850)) -> 9760.5179 | F8: =D8*E8 -> 9760.5179 | I8: 140 | J8: 12 | K8: =370053*2 -> 740106 | M8: =IF(L8>0,(L8*2/1000000),(I8*K8*2/1000000)) -> 207.22968 | N8: =D8*M8 -> 207.22968
B9: TU1 | C9: =CONCATENATE("U",I9,"×",J9,"×",K9) -> U300×8×19010 | D9: 40 | E9: =L9*I9/1000000000*7850 -> 13.425314 | F9: =D9*E9 -> 537.01257 | I9: 300 | J9: 8 | K9: 19010 | L9: 5700.7704 | M9: =IF(L9>0,(L9*2/1000000),(I9*K9*2/1000000)) -> 0.011401541 | N9: =D9*M9 -> 0.45606163
A10: 底板 | B10: D1 | C10: =CONCATENATE("□",I10,"×",J10,"×",K10) -> □500×16×19518 | D10: 4 | E10: =IF(L10>0,(L10*J10/1000000000*7850),(I10*J10*K10/1000000000*7850)) -> 1225.7304 | F10: =D10*E10 -> 4902.9216 | I10: 500 | J10: 16 | K10: =9759*2 -> 19518 | M10: =IF(L10>0,(L10*2/1000000),(I10*K10*2/1000000)) -> 19.518 | N10: =D10*M10 -> 78.072
B11: D2 | C11: =CONCATENATE("□",I11,"×",J11,"×",K11) -> □8687×16×19778 | D11: 1 | E11: =IF(L11>0,(L11*J11/1000000000*7850),(I11*J11*K11/1000000000*7850)) -> 21892.8 | F11: =D11*E11 -> 21892.8 | I11: 8687 | J11: 16 | K11: =9889*2 -> 19778 | L11: 1.7430574e+08 | M11: =IF(L11>0,(L11*2/1000000),(I11*K11*2/1000000)) -> 348.61147 | N11: =D11*M11 -> 348.61147
B12: D3 | C12: =CONCATENATE("□",I12,"×",J12,"×",K12) -> □8696×36×18980 | D12: 2 | E12: =IF(L12>0,(L12*J12/1000000000*7850),(I12*J12*K12/1000000000*7850)) -> 43872.755 | F12: =D12*E12 -> 87745.509 | I12: 8696 | J12: 36 | K12: 18980 | L12: 1.5524683e+08 | M12: =IF(L12>0,(L12*2/1000000),(I12*K12*2/1000000)) -> 310.49366 | N12: =D12*M12 -> 620.98733
B13: D4 | C13: =CONCATENATE("□",I13,"×",J13,"×",K13,"(平均)") -> □380×16×3050(平均) | D13: 16 | E13: =IF(L13>0,(L13*J13/1000000000*7850),(I13*J13*K13/1000000000*7850)) -> 145.5704 | F13: =D13*E13 -> 2329.1264 | I13: 380 | J13: 16 | K13: =(2656+3444)/2 -> 3050 | M13: =IF(L13>0,(L13*2/1000000),(I13*K13*2/1000000)) -> 2.318 | N13: =D13*M13 -> 37.088
B14: D4a | C14: =CONCATENATE("□",I14,"×",J14,"×",K14) -> □246×16×2656 | D14: 2 | E14: =IF(L14>0,(L14*J14/1000000000*7850),(I14*J14*K14/1000000000*7850)) -> 82.064026 | F14: =D14*E14 -> 164.12805 | I14: 246 | J14: 16 | K14: 2656 | M14: =IF(L14>0,(L14*2/1000000),(I14*K14*2/1000000)) -> 1.306752 | N14: =D14*M14 -> 2.613504
B15: DJ1 | C15: =CONCATENATE("□",I15,"×",J15,"×",K15,"(总长)") -> □140×12×470644(总长) | D15: 1 | E15: =IF(L15>0,(L15*J15/1000000000*7850),(I15*J15*K15/1000000000*7850)) -> 6206.8531 | F15: =D15*E15 -> 6206.8531 | I15: 140 | J15: 12 | K15: =235322*2 -> 470644 | M15: =IF(L15>0,(L15*2/1000000),(I15*K15*2/1000000)) -> 131.78032 | N15: =D15*M15 -> 131.78032
B16: DJ2 | C16: =CONCATENATE("□",I16,"×",J16,"×",K16) -> □140×12×19878 | D16: 14 | E16: =IF(L16>0,(L16*J16/1000000000*7850),(I16*J16*K16/1000000000*7850)) -> 262.15106 | F16: =D16*E16 -> 3670.1149 | I16: 140 | J16: 12 | K16: =9939*2 -> 19878 | M16: =IF(L16>0,(L16*2/1000000),(I16*K16*2/1000000)) -> 5.56584 | N16: =D16*M16 -> 77.92176
A17: 腹板 | B17: F1 | C17: =CONCATENATE("□",I17,"×",J17,"×",K17) -> □3056×14×19332 | D17: 2 | E17: =IF(L17>0,(L17*J17/1000000000*7850),(I17*J17*K17/1000000000*7850)) -> 6492.7373 | F17: =D17*E17 -> 12985.475 | I17: 3056 | J17: 14 | K17: 19332 | M17: =IF(L17>0,(L17*2/1000000),(I17*K17*2/1000000)) -> 118.15718 | N17: =D17*M17 -> 236.31437
B18: F2 | C18: =CONCATENATE("□",I18,"×",J18,"×",K18) -> □2285×14×19018 | D18: 2 | E18: =IF(L18>0,(L18*J18/1000000000*7850),(I18*J18*K18/1000000000*7850)) -> 4775.8287 | F18: =D18*E18 -> 9551.6574 | I18: 2285 | J18: 14 | K18: 19018 | M18: =IF(L18>0,(L18*2/1000000),(I18*K18*2/1000000)) -> 86.91226 | N18: =D18*M18 -> 173.82452
B19: F3 | C19: =CONCATENATE("□",I19,"×",J19,"×",K19) -> □2196×40×15283 | D19: 2 | E19: =IF(L19>0,(L19*J19/1000000000*7850),(I19*J19*K19/1000000000*7850)) -> 10050.386 | F19: =D19*E19 -> 20100.772 | I19: 2196 | J19: 40 | K19: 15283 | L19: 32007599 | M19: =IF(L19>0,(L19*2/1000000),(I19*K19*2/1000000)) -> 64.015198 | N19: =D19*M19 -> 128.0304
B20: F3a | C20: =CONCATENATE("□",I20,"×",J20,"×",K20) -> □2196×24×138 | D20: 2 | E20: =IF(L20>0,(L20*J20/1000000000*7850),(I20*J20*K20/1000000000*7850)) -> 57.094243 | F20: =D20*E20 -> 114.18849 | I20: =I19 -> 2196 | J20: 24 | K20: 138 | M20: =IF(L20>0,(L20*2/1000000),(I20*K20*2/1000000)) -> 0.606096 | N20: =D20*M20 -> 1.212192
B21: F4 | C21: =CONCATENATE("□",I21,"×",J21,"×",K21) -> □2188×40×17218 | D21: 2 | E21: =IF(L21>0,(L21*J21/1000000000*7850),(I21*J21*K21/1000000000*7850)) -> 11346.292 | F21: =D21*E21 -> 22692.584 | I21: 2188 | J21: 40 | K21: 17218 | L21: 36134687 | M21: =IF(L21>0,(L21*2/1000000),(I21*K21*2/1000000)) -> 72.269374 | N21: =D21*M21 -> 144.53875
B22: F4a | C22: =CONCATENATE("□",I22,"×",J22,"×",K22) -> □2188×24×138 | D22: 2 | E22: =IF(L22>0,(L22*J22/1000000000*7850),(I22*J22*K22/1000000000*7850)) -> 56.88625 | F22: =D22*E22 -> 113.7725 | I22: =I21 -> 2188 | J22: 24 | K22: 138 | M22: =IF(L22>0,(L22*2/1000000),(I22*K22*2/1000000)) -> 0.603888 | N22: =D22*M22 -> 1.207776
B23: F5 | C23: =CONCATENATE("□",I23,"×",J23,"×",K23) -> □2178×40×18883 | D23: 2 | E23: =IF(L23>0,(L23*J23/1000000000*7850),(I23*J23*K23/1000000000*7850)) -> 12913.933 | F23: =D23*E23 -> 25827.865 | I23: 2178 | J23: 40 | K23: 18883 | M23: =IF(L23>0,(L23*2/1000000),(I23*K23*2/1000000)) -> 82.254348 | N23: =D23*M23 -> 164.5087
B24: F5a | C24: =CONCATENATE("□",I24,"×",J24,"×",K24) -> □2178×24×138 | D24: 2 | E24: =IF(L24>0,(L24*J24/1000000000*7850),(I24*J24*K24/1000000000*7850)) -> 56.626258 | F24: =D24*E24 -> 113.25252 | I24: =I23 -> 2178 | J24: 24 | K24: 138 | M24: =IF(L24>0,(L24*2/1000000),(I24*K24*2/1000000)) -> 0.601128 | N24: =D24*M24 -> 1.202256
B25: F6 | C25: =CONCATENATE("□",I25,"×",J25,"×",K25,"(平均)") -> □2031×12×2321(平均) | D25: 16 | E25: =IF(L25>0,(L25*J25/1000000000*7850),(I25*J25*K25/1000000000*7850)) -> 383.02146 | F25: =D25*E25 -> 6128.3434 | I25: 2031 | J25: 12 | K25: 2321 | L25: 4066045.3 | M25: =IF(L25>0,(L25*2/1000000),(I25*K25*2/1000000)) -> 8.1320905 | N25: =D25*M25 -> 130.11345
B26: FJ1 | C26: =CONCATENATE("□",I26,"×",J26,"×",K26,"(总长)") -> □140×12×715335(总长) | D26: 1 | E26: =IF(L26>0,(L26*J26/1000000000*7850),(I26*J26*K26/1000000000*7850)) -> 9433.838 | F26: =D26*E26 -> 9433.838 | I26: 140 | J26: 12 | K26: =357667.5*2 -> 715335 | M26: =IF(L26>0,(L26*2/1000000),(I26*K26*2/1000000)) -> 200.2938 | N26: =D26*M26 -> 200.2938
B27: FJ2 | C27: =CONCATENATE("□",I27,"×",J27,"×",K27) -> □176×16×450 | D27: 18 | E27: =IF(L27>0,(L27*J27/1000000000*7850),(I27*J27*K27/1000000000*7850)) -> 9.94752 | F27: =D27*E27 -> 179.05536 | I27: 176 | J27: 16 | K27: 450 | M27: =IF(L27>0,(L27*2/1000000),(I27*K27*2/1000000)) -> 0.1584 | N27: =D27*M27 -> 2.8512
B28: FJ3 | C28: =CONCATENATE("□",I28,"×",J28,"×",K28) -> □184×16×450 | D28: =4*4 -> 16 | E28: =IF(L28>0,(L28*J28/1000000000*7850),(I28*J28*K28/1000000000*7850)) -> 10.39968 | F28: =D28*E28 -> 166.39488 | I28: 184 | J28: 16 | K28: 450 | M28: =IF(L28>0,(L28*2/1000000),(I28*K28*2/1000000)) -> 0.1656 | N28: =D28*M28 -> 2.6496
B29: FJ4 | C29: =CONCATENATE("□",I29,"×",J29,"×",K29,"(平均)") -> □100×10×1310(平均) | D29: 32 | E29: =IF(L29>0,(L29*J29/1000000000*7850),(I29*J29*K29/1000000000*7850)) -> 10.2835 | F29: =D29*E29 -> 329.072 | I29: 100 | J29: 10 | K29: =(1020+1600)/2 -> 1310 | M29: =IF(L29>0,(L29*2/1000000),(I29*K29*2/1000000)) -> 0.262 | N29: =D29*M29 -> 8.384
B30: FJ5 | C30: =CONCATENATE("□",I30,"×",J30,"×",K30) -> □100×10×1290 | D30: 24 | E30: =IF(L30>0,(L30*J30/1000000000*7850),(I30*J30*K30/1000000000*7850)) -> 10.1265 | F30: =D30*E30 -> 243.036 | I30: 100 | J30: 10 | K30: 1290 | M30: =IF(L30>0,(L30*2/1000000),(I30*K30*2/1000000)) -> 0.258 | N30: =D30*M30 -> 6.192
A31: 横隔板 | B31: HG1 | C31: =CONCATENATE("□",I31,"×",J31,"×",K31) -> □2181×12×4320 | D31: 2 | E31: =IF(L31>0,(L31*J31/1000000000*7850),(I31*J31*K31/1000000000*7850)) -> 715.8742 | F31: =D31*E31 -> 1431.7484 | I31: 2181 | J31: 12 | K31: 4320 | L31: 7599513.8 | M31: =IF(L31>0,(L31*2/1000000),(I31*K31*2/1000000)) -> 15.199028 | N31: =D31*M31 -> 30.398055
B32: HG1a | C32: =CONCATENATE("□",I32,"×",J32,"×",K32) -> □2180×12×5002 | D32: 2 | E32: =IF(L32>0,(L32*J32/1000000000*7850),(I32*J32*K32/1000000000*7850)) -> 739.73563 | F32: =D32*E32 -> 1479.4713 | I32: 2180 | J32: 12 | K32: 5002 | L32: 7852819.8 | M32: =IF(L32>0,(L32*2/1000000),(I32*K32*2/1000000)) -> 15.70564 | N32: =D32*M32 -> 31.411279
B33: HG2 | C33: =CONCATENATE("□",I33,"×",J33,"×",K33) -> □2180×12×4320 | D33: 2 | E33: =IF(L33>0,(L33*J33/1000000000*7850),(I33*J33*K33/1000000000*7850)) -> 715.87024 | F33: =D33*E33 -> 1431.7405 | I33: 2180 | J33: 12 | K33: 4320 | L33: 7599471.8 | M33: =IF(L33>0,(L33*2/1000000),(I33*K33*2/1000000)) -> 15.198944 | N33: =D33*M33 -> 30.397887
B34: HG2a | C34: =CONCATENATE("□",I34,"×",J34,"×",K34) -> □806×12×2188 | D34: 2 | E34: =IF(L34>0,(L34*J34/1000000000*7850),(I34*J34*K34/1000000000*7850)) -> 136.82804 | F34: =D34*E34 -> 273.65608 | I34: 806 | J34: 12 | K34: 2188 | L34: 1452526.9 | M34: =IF(L34>0,(L34*2/1000000),(I34*K34*2/1000000)) -> 2.9050539 | N34: =D34*M34 -> 5.8101078
B35: HG2b | C35: =CONCATENATE("□",I35,"×",J35,"×",K35) -> □2189×12×4577 | D35: 2 | E35: =IF(L35>0,(L35*J35/1000000000*7850),(I35*J35*K35/1000000000*7850)) -> 655.22511 | F35: =D35*E35 -> 1310.4502 | I35: 2189 | J35: 12 | K35: 4577 | L35: 6955680.5 | M35: =IF(L35>0,(L35*2/1000000),(I35*K35*2/1000000)) -> 13.911361 | N35: =D35*M35 -> 27.822722
B36: HG3 | C36: =CONCATENATE("□",I36,"×",J36,"×",K36) -> □2180×12×4320 | D36: 2 | E36: =IF(L36>0,(L36*J36/1000000000*7850),(I36*J36*K36/1000000000*7850)) -> 715.87024 | F36: =D36*E36 -> 1431.7405 | I36: 2180 | J36: 12 | K36: 4320 | L36: 7599471.8 | M36: =IF(L36>0,(L36*2/1000000),(I36*K36*2/1000000)) -> 15.198944 | N36: =D36*M36 -> 30.397887
B37: HG3a | C37: =CONCATENATE("□",I37,"×",J37,"×",K37) -> □806×12×2188 | D37: 2 | E37: =IF(L37>0,(L37*J37/1000000000*7850),(I37*J37*K37/1000000000*7850)) -> 136.89594 | F37: =D37*E37 -> 273.79188 | I37: 806 | J37: 12 | K37: 2188 | L37: 1453247.8 | M37: =IF(L37>0,(L37*2/1000000),(I37*K37*2/1000000)) -> 2.9064955 | N37: =D37*M37 -> 5.8129911
B38: HG3b | C38: =CONCATENATE("□",I38,"×",J38,"×",K38) -> □766×12×2196 | D38: 2 | E38: =IF(L38>0,(L38*J38/1000000000*7850),(I38*J38*K38/1000000000*7850)) -> 129.38302 | F38: =D38*E38 -> 258.76604 | I38: 766 | J38: 12 | K38: 2196 | L38: 1373492.8 | M38: =IF(L38>0,(L38*2/1000000),(I38*K38*2/1000000)) -> 2.7469855 | N38: =D38*M38 -> 5.4939711
B39: HG3c | C39: =CONCATENATE("□",I39,"×",J39,"×",K39) -> □2197×12×4190 | D39: 2 | E39: =IF(L39>0,(L39*J39/1000000000*7850),(I39*J39*K39/1000000000*7850)) -> 578.85489 | F39: =D39*E39 -> 1157.7098 | I39: 2197 | J39: 12 | K39: 4190 | L39: 6144956.4 | M39: =IF(L39>0,(L39*2/1000000),(I39*K39*2/1000000)) -> 12.289913 | N39: =D39*M39 -> 24.579825
B40: HG4 | C40: =CONCATENATE("□",I40,"×",J40,"×",K40) -> □2180×12×4320 | D40: 2 | E40: =IF(L40>0,(L40*J40/1000000000*7850),(I40*J40*K40/1000000000*7850)) -> 715.87024 | F40: =D40*E40 -> 1431.7405 | I40: 2180 | J40: 12 | K40: 4320 | L40: 7599471.8 | M40: =IF(L40>0,(L40*2/1000000),(I40*K40*2/1000000)) -> 15.198944 | N40: =D40*M40 -> 30.397887
B41: HG4a | C41: =CONCATENATE("□",I41,"×",J41,"×",K41) -> □806×12×2188 | D41: 2 | E41: =IF(L41>0,(L41*J41/1000000000*7850),(I41*J41*K41/1000000000*7850)) -> 136.89594 | F41: =D41*E41 -> 273.79188 | I41: 806 | J41: 12 | K41: 2188 | L41: 1453247.8 | M41: =IF(L41>0,(L41*2/1000000),(I41*K41*2/1000000)) -> 2.9064955 | N41: =D41*M41 -> 5.8129911
B42: HG4b | C42: =CONCATENATE("□",I42,"×",J42,"×",K42) -> □766×12×2196 | D42: 2 | E42: =IF(L42>0,(L42*J42/1000000000*7850),(I42*J42*K42/1000000000*7850)) -> 129.38302 | F42: =D42*E42 -> 258.76604 | I42: 766 | J42: 12 | K42: 2196 | L42: 1373492.8 | M42: =IF(L42>0,(L42*2/1000000),(I42*K42*2/1000000)) -> 2.7469855 | N42: =D42*M42 -> 5.4939711
B43: HG4c | C43: =CONCATENATE("□",I43,"×",J43,"×",K43) -> □2197×12×4612 | D43: 2 | E43: =IF(L43>0,(L43*J43/1000000000*7850),(I43*J43*K43/1000000000*7850)) -> 666.21028 | F43: =D43*E43 -> 1332.4206 | I43: 2197 | J43: 12 | K43: 4612 | L43: 7072296 | M43: =IF(L43>0,(L43*2/1000000),(I43*K43*2/1000000)) -> 14.144592 | N43: =D43*M43 -> 28.289184
... B59: HG8c | C59: =CONCATENATE("□",I59,"×",J59,"×",K59) -> □2196×28×5065 | D59: 2 | E59: =IF(L59>0,(L59*J59/1000000000*7850),(I59*J59*K59/1000000000*7850)) -> 1773.6698 | F59: =D59*E59 -> 3547.3396 | I59: 2196 | J59: 28 | K59: 5065 | L59: 8069471.4 | M59: =IF(L59>0,(L59*2/1000000),(I59*K59*2/1000000)) -> 16.138943 | N59: =D59*M59 -> 32.277885
B60: HG9 | C60: =CONCATENATE("□",I60,"×",J60,"×",K60) -> □2139×24×41190 | D60: 1 | E60: =IF(L60>0,(L60*J60/1000000000*7850),(I60*J60*K60/1000000000*7850)) -> 7758.8432 | F60: =D60*E60 -> 7758.8432 | I60: 2139 | J60: 24 | K60: =20595*2 -> 41190 | L60: 41182820 | M60: =IF(L60>0,(L60*2/1000000),(I60*K60*2/1000000)) -> 82.365639 | N60: =D60*M60 -> 82.365639
B61: HG10 | C61: =CONCATENATE("□",I61,"×",J61,"×",K61,"(平均)") -> □876×12×3042(平均) | D61: 18 | E61: =IF(L61>0,(L61*J61/1000000000*7850),(I61*J61*K61/1000000000*7850)) -> 123.97797 | F61: =D61*E61 -> 2231.6034 | I61: 876 | J61: 12 | K61: 3042 | L61: =(1538004.0482+1094224.5244)/2 -> 1316114.3 | M61: =IF(L61>0,(L61*2/1000000),(I61*K61*2/1000000)) -> 2.6322286 | N61: =D61*M61 -> 47.380114
B62: HL1 | C62: =CONCATENATE("□",I62,"×",J62,"×",K62) -> □2384×12×19864 | D62: 4 | E62: =IF(L62>0,(L62*J62/1000000000*7850),(I62*J62*K62/1000000000*7850)) -> 4011.9568 | F62: =D62*E62 -> 16047.827 | I62: 2384 | J62: 12 | K62: 19864 | L62: =21294887.2264*2 -> 42589774 | M62: =IF(L62>0,(L62*2/1000000),(I62*K62*2/1000000)) -> 85.179549 | N62: =D62*M62 -> 340.7182
B63: HL2 | C63: =CONCATENATE("□",I63,"×",J63,"×",K63) -> □2384×12×19864 | D63: 3 | E63: =IF(L63>0,(L63*J63/1000000000*7850),(I63*J63*K63/1000000000*7850)) -> 3950.8958 | F63: =D63*E63 -> 11852.687 | I63: 2384 | J63: 12 | K63: 19864 | L63: =20970784.6742*2 -> 41941569 | M63: =IF(L63>0,(L63*2/1000000),(I63*K63*2/1000000)) -> 83.883139 | N63: =D63*M63 -> 251.64942
B64: HL3 | C64: =CONCATENATE("□",I64,"×",J64,"×",K64) -> □2384×24×19864 | D64: 1 | E64: =IF(L64>0,(L64*J64/1000000000*7850),(I64*J64*K64/1000000000*7850)) -> 8024.2285 | F64: =D64*E64 -> 8024.2285 | I64: 2384 | J64: 24 | K64: 19864 | L64: =21295723.2163*2 -> 42591446 | M64: =IF(L64>0,(L64*2/1000000),(I64*K64*2/1000000)) -> 85.182893 | N64: =D64*M64 -> 85.182893
A65: 横隔板加劲 | B65: HJ1 | C65: =CONCATENATE("□",I65,"×",J65,"×",K65) -> □140×12×19180 | D65: 8 | E65: =IF(L65>0,(L65*J65/1000000000*7850),(I65*J65*K65/1000000000*7850)) -> 252.94584 | F65: =D65*E65 -> 2023.5667 | I65: 140 | J65: 12 | K65: =9590*2 -> 19180 | M65: =IF(L65>0,(L65*2/1000000),(I65*K65*2/1000000)) -> 5.3704 | N65: =D65*M65 -> 42.9632
B66: HJ2 | C66: =CONCATENATE("□",I66,"×",J66,"×",K66,"(平均)") -> □180×12×1830(平均) | D66: 80 | E66: =IF(L66>0,(L66*J66/1000000000*7850),(I66*J66*K66/1000000000*7850)) -> 31.02948 | F66: =D66*E66 -> 2482.3584 | I66: 180 | J66: 12 | K66: 1830 | M66: =IF(L66>0,(L66*2/1000000),(I66*K66*2/1000000)) -> 0.6588 | N66: =D66*M66 -> 52.704
B67: HJ3 | C67: =CONCATENATE("□",I67,"×",J67,"×",K67,"(平均)") -> □100×10×19440(平均) | D67: 6 | E67: =IF(L67>0,(L67*J67/1000000000*7850),(I67*J67*K67/1000000000*7850)) -> 152.604 | F67: =D67*E67 -> 915.624 | I67: 100 | J67: 10 | K67: =9589+9851 -> 19440 | M67: =IF(L67>0,(L67*2/1000000),(I67*K67*2/1000000)) -> 3.888 | N67: =D67*M67 -> 23.328
B68: HJ3a | C68: =CONCATENATE("□",I68,"×",J68,"×",K68,"(平均)") -> □100×10×9120(平均) | D68: 12 | E68: =IF(L68>0,(L68*J68/1000000000*7850),(I68*J68*K68/1000000000*7850)) -> 71.592 | F68: =D68*E68 -> 859.104 | I68: 100 | J68: 10 | K68: =(9076+9164)/2 -> 9120 | M68: =IF(L68>0,(L68*2/1000000),(I68*K68*2/1000000)) -> 1.824 | N68: =D68*M68 -> 21.888
B69: HJ4 | C69: =CONCATENATE("□",I69,"×",J69,"×",K69) -> □100×10×1340 | D69: 6 | E69: =IF(L69>0,(L69*J69/1000000000*7850),(I69*J69*K69/1000000000*7850)) -> 10.519 | F69: =D69*E69 -> 63.114 | I69: 100 | J69: 10 | K69: 1340 | M69: =IF(L69>0,(L69*2/1000000),(I69*K69*2/1000000)) -> 0.268 | N69: =D69*M69 -> 1.608
B70: HJ5 | C70: =CONCATENATE("□",I70,"×",J70,"×",K70,"(平均)") -> □140×12×19440(平均) | D70: 8 | E70: =IF(L70>0,(L70*J70/1000000000*7850),(I70*J70*K70/1000000000*7850)) -> 256.37472 | F70: =D70*E70 -> 2050.9978 | I70: 140 | J70: 12 | K70: =9589+9851 -> 19440 | M70: =IF(L70>0,(L70*2/1000000),(I70*K70*2/1000000)) -> 5.4432 | N70: =D70*M70 -> 43.5456
B71: HJ6 | C71: =CONCATENATE("□",I71,"×",J71,"×",K71,"(平均)") -> □100×10×1562(平均) | D71: =56*2 -> 112 | E71: =IF(L71>0,(L71*J71/1000000000*7850),(I71*J71*K71/1000000000*7850)) -> 12.2617 | F71: =D71*E71 -> 1373.3104 | I71: 100 | J71: 10 | K71: =(1833+1291)/2 -> 1562 | M71: =IF(L71>0,(L71*2/1000000),(I71*K71*2/1000000)) -> 0.3124 | N71: =D71*M71 -> 34.9888
B72: HJ7 | C72: =CONCATENATE("□",I72,"×",J72,"×",K72,"(平均)") -> □100×10×2864(平均) | D72: =8*4*2 -> 64 | E72: =IF(L72>0,(L72*J72/1000000000*7850),(I72*J72*K72/1000000000*7850)) -> 22.4824 | F72: =D72*E72 -> 1438.8736 | I72: 100 | J72: 10 | K72: =(1801+3927)/2 -> 2864 | M72: =IF(L72>0,(L72*2/1000000),(I72*K72*2/1000000)) -> 0.5728 | N72: =D72*M72 -> 36.6592
B73: HJ8 | C73: =CONCATENATE("□",I73,"×",J73,"×",K73) -> □134×12×300 | D73: 36 | E73: =IF(L73>0,(L73*J73/1000000000*7850),(I73*J73*K73/1000000000*7850)) -> 3.78684 | F73: =D73*E73 -> 136.32624 | I73: 134 | J73: 12 | K73: 300 | M73: =IF(L73>0,(L73*2/1000000),(I73*K73*2/1000000)) -> 0.0804 | N73: =D73*M73 -> 2.8944
B74: HJ8a | C74: =CONCATENATE("□",I74,"×",J74,"×",K74) -> □134×12×400 | D74: 34 | E74: =IF(L74>0,(L74*J74/1000000000*7850),(I74*J74*K74/1000000000*7850)) -> 5.04912 | F74: =D74*E74 -> 171.67008 | I74: 134 | J74: 12 | K74: 400 | M74: =IF(L74>0,(L74*2/1000000),(I74*K74*2/1000000)) -> 0.1072 | N74: =D74*M74 -> 3.6448
A75: 人洞加劲 | B75: R1 | C75: =CONCATENATE("□",I75,"×",J75,"×",K75) -> □110×10×3748 | D75: 16 | E75: =IF(L75>0,(L75*J75/1000000000*7850),(I75*J75*K75/1000000000*7850)) -> 32.36398 | F75: =D75*E75 -> 517.82368 | I75: 110 | J75: 10 | K75: 3748 | M75: =IF(L75>0,(L75*2/1000000),(I75*K75*2/1000000)) -> 0.82456 | N75: =D75*M75 -> 13.19296
B76: R2 | C76: =CONCATENATE("□",I76,"×",J76,"×",K76) -> □110×10×2996 | D76: =19+16 -> 35 | E76: =IF(L76>0,(L76*J76/1000000000*7850),(I76*J76*K76/1000000000*7850)) -> 25.87046 | F76: =D76*E76 -> 905.4661 | I76: 110 | J76: 10 | K76: 2996 | M76: =IF(L76>0,(L76*2/1000000),(I76*K76*2/1000000)) -> 0.65912 | N76: =D76*M76 -> 23.0692
B77: R3 | C77: =CONCATENATE("□",I77,"×",J77,"×",K77) -> □110×10×1324 | D77: =22+6 -> 28 | E77: =IF(L77>0,(L77*J77/1000000000*7850),(I77*J77*K77/1000000000*7850)) -> 11.43274 | F77: =D77*E77 -> 320.11672 | I77: 110 | J77: 10 | K77: 1324 | M77: =IF(L77>0,(L77*2/1000000),(I77*K77*2/1000000)) -> 0.29128 | N77: =D77*M77 -> 8.15584
B78: R4 | C78: =CONCATENATE("□",I78,"×",J78,"×",K78) -> □110×10×2462 | D78: 8 | E78: =IF(L78>0,(L78*J78/1000000000*7850),(I78*J78*K78/1000000000*7850)) -> 21.25937 | F78: =D78*E78 -> 170.07496 | I78: 110 | J78: 10 | K78: 2462 | M78: =IF(L78>0,(L78*2/1000000),(I78*K78*2/1000000)) -> 0.54164 | N78: =D78*M78 -> 4.33312
A79: 支座加劲 | B79: Z1 | C79: =CONCATENATE("□",I79,"×",J79,"×",K79) -> □3400×40×4000 | D79: 2 | E79: =IF(L79>0,(L79*J79/1000000000*7850),(I79*J79*K79/1000000000*7850)) -> 4270.4 | F79: =D79*E79 -> 8540.8 | I79: 3400 | J79: 40 | K79: 4000 | M79: =IF(L79>0,(L79*2/1000000),(I79*K79*2/1000000)) -> 27.2 | N79: =D79*M79 -> 54.4
B80: Z2 | C80: =CONCATENATE("□",I80,"×",J80,"×",K80,"(平均)") -> □834×28×1700(平均) | D80: 6 | E80: =IF(L80>0,(L80*J80/1000000000*7850),(I80*J80*K80/1000000000*7850)) -> 209.56707 | F80: =D80*E80 -> 1257.4024 | I80: 834 | J80: 28 | K80: 1700 | L80: =919444.3625+20*1700 -> 953444.36 | M80: =IF(L80>0,(L80*2/1000000),(I80*K80*2/1000000)) -> 1.9068887 | N80: =D80*M80 -> 11.441332
B81: Z3 | C81: =CONCATENATE("□",I81,"×",J81,"×",K81,"(平均)") -> □952×28×1700(平均) | D81: 6 | E81: =IF(L81>0,(L81*J81/1000000000*7850),(I81*J81*K81/1000000000*7850)) -> 240.80588 | F81: =D81*E81 -> 1444.8353 | I81: 952 | J81: 28 | K81: 1700 | L81: =1061568.1469+20*1700 -> 1095568.1 | M81: =IF(L81>0,(L81*2/1000000),(I81*K81*2/1000000)) -> 2.1911363 | N81: =D81*M81 -> 13.146818
B82: Z4 | C82: =CONCATENATE("□",I82,"×",J82,"×",K82,"(平均)") -> □1107×28×2188(平均) | D82: 8 | E82: =IF(L82>0,(L82*J82/1000000000*7850),(I82*J82*K82/1000000000*7850)) -> 436.81583 | F82: =D82*E82 -> 3494.5266 | I82: 1107 | J82: 28 | K82: 2188 | L82: =1943573.1625+2188*20 -> 1987333.2 | M82: =IF(L82>0,(L82*2/1000000),(I82*K82*2/1000000)) -> 3.9746663 | N82: =D82*M82 -> 31.797331
B83: Z5 | C83: =CONCATENATE("□",I83,"×",J83,"×",K83) -> □300×36×648 | D83: 4 | E83: =IF(L83>0,(L83*J83/1000000000*7850),(I83*J83*K83/1000000000*7850)) -> 54.93744 | F83: =D83*E83 -> 219.74976 | I83: 300 | J83: 36 | K83: 648 | M83: =IF(L83>0,(L83*2/1000000),(I83*K83*2/1000000)) -> 0.3888 | N83: =D83*M83 -> 1.5552
B84: Z5a | C84: =CONCATENATE("□",I84,"×",J84,"×",K84) -> □300×36×324 | D84: 4 | E84: =IF(L84>0,(L84*J84/1000000000*7850),(I84*J84*K84/1000000000*7850)) -> 27.46872 | F84: =D84*E84 -> 109.87488 | I84: 300 | J84: 36 | K84: 324 | M84: =IF(L84>0,(L84*2/1000000),(I84*K84*2/1000000)) -> 0.1944 | N84: =D84*M84 -> 0.7776
B85: Z6 | C85: =CONCATENATE("□",I85,"×",J85,"×",K85) -> □400×36×1000 | D85: 2 | E85: =IF(L85>0,(L85*J85/1000000000*7850),(I85*J85*K85/1000000000*7850)) -> 113.04 | F85: =D85*E85 -> 226.08 | I85: 400 | J85: 36 | K85: 1000 | M85: =IF(L85>0,(L85*2/1000000),(I85*K85*2/1000000)) -> 0.8 | N85: =D85*M85 -> 1.6
B86: Z7 | C86: =CONCATENATE("□",I86,"×",J86,"×",K86) -> □250×36×1000 | D86: 2 | E86: =IF(L86>0,(L86*J86/1000000000*7850),(I86*J86*K86/1000000000*7850)) -> 70.65 | F86: =D86*E86 -> 141.3 | I86: 250 | J86: 36 | K86: 1000 | M86: =IF(L86>0,(L86*2/1000000),(I86*K86*2/1000000)) -> 0.5 | N86: =D86*M86 -> 1
B87: Z8 | C87: =CONCATENATE("□",I87,"×",J87,"×",K87) -> □400×28×714 | D87: 10 | E87: =IF(L87>0,(L87*J87/1000000000*7850),(I87*J87*K87/1000000000*7850)) -> 60.30213 | F87: =D87*E87 -> 603.0213 | I87: 400 | J87: 28 | K87: 714 | L87: 274350 | M87: =IF(L87>0,(L87*2/1000000),(I87*K87*2/1000000)) -> 0.5487 | N87: =D87*M87 -> 5.487
A88: 槽口 | B88: C1 | C88: =CONCATENATE("□",I88,"×",J88,"×",K88) -> □261×16×24500 | D88: 1 | E88: =IF(L88>0,(L88*J88/1000000000*7850),(I88*J88*K88/1000000000*7850)) -> 803.1492 | F88: =D88*E88 -> 803.1492 | I88: 261 | J88: 16 | K88: =12250*2 -> 24500 | M88: =IF(L88>0,(L88*2/1000000),(I88*K88*2/1000000)) -> 12.789 | N88: =D88*M88 -> 12.789
B89: C2 | C89: =CONCATENATE("□",I89,"×",J89,"×",K89) -> □370×16×24500 | D89: 1 | E89: =IF(L89>0,(L89*J89/1000000000*7850),(I89*J89*K89/1000000000*7850)) -> 1138.564 | F89: =D89*E89 -> 1138.564 | I89: 370 | J89: 16 | K89: =12250*2 -> 24500 | M89: =IF(L89>0,(L89*2/1000000),(I89*K89*2/1000000)) -> 18.13 | N89: =D89*M89 -> 18.13
B90: C3 | C90: =CONCATENATE("□",I90,"×",J90,"×",K90) -> □261×16×370 | D90: 2 | E90: =IF(L90>0,(L90*J90/1000000000*7850),(I90*J90*K90/1000000000*7850)) -> 12.129192 | F90: =D90*E90 -> 24.258384 | I90: 261 | J90: 16 | K90: 370 | M90: =IF(L90>0,(L90*2/1000000),(I90*K90*2/1000000)) -> 0.19314 | N90: =D90*M90 -> 0.38628
B91: C4 | C91: =CONCATENATE("□",I91,"×",J91,"×",K91) -> □138×16×150 | D91: 68 | E91: =IF(L91>0,(L91*J91/1000000000*7850),(I91*J91*K91/1000000000*7850)) -> 1.8020946 | F91: =D91*E91 -> 122.54243 | I91: 138 | J91: 16 | K91: 150 | L91: 14347.887 | M91: =IF(L91>0,(L91*2/1000000),(I91*K91*2/1000000)) -> 0.028695774 | N91: =D91*M91 -> 1.9513127
B92: 合计（kg） | F92: =SUM(F6:F91) -> 480583.88
B93: 焊缝1.5%（kg） | F93: =F92*0.015 -> 7208.7582
B94: 总计（kg） | F94: =F92+F93 -> 487792.64
B102: 材料 | C102: 规格 | D102: 数量
C103: mm | D103: kg
B104: 钢材(Q345D) | C104: t=10 | D104: =SUMIF($J$6:$J$91,"10",$F$6:$F$91) -> 7135.6155
C105: t=12 | D105: =SUMIF($J$6:$J$91,"12",$F$6:$F$91) -> 84542.498
C106: t=14 | D106: =SUMIF($J$6:$J$91,"14",$F$6:$F$91) -> 22537.132
C107: t=16 | D107: =SUMIF($J$6:$J$91,"16",$F$6:$F$91) -> 139790.23
C108: t=24 | D108: =SUMIF($J$6:$J$91,"24",$F$6:$F$91) -> 19492.568
C109: t=28 | D109: =SUMIF($J$6:$J$91,"28",$F$6:$F$91) -> 36949.383
C110: t=36 | D110: =SUMIF($J$6:$J$91,"36",$F$6:$F$91) -> 88442.514
C111: t=40 | D111: =SUMIF($J$6:$J$91,"40",$F$6:$F$91) -> 81156.926
C112: U型肋(t=8) | D112: =SUMIF($J$6:$J$91,"8",$F$6:$F$91) -> 537.01257
C113: 合计 | D113: =SUM(D104:D112) -> 480583.88
C114: 焊缝1.5% | D114: =D113*0.015 -> 7208.7582
C115: 总计 | D115: =D113+D114 -> 487792.64
B116: 涂装 | C116: 内涂装 | D116: =SUM(N6:N90)-D117 -> 4005.5037
C117: 外涂装 | D117: =(N6+N12+N17+N18)/2+(N6/2)*0.6815+N10+N31+SUM(N65:N71) -> 2291.8354

Sheet 结合段拱+连梁
A4: 小桩号结合段拱
A5: 位置 | B5: 编号 | C5: 规格(mm) | D5: 数量 | E5: 单件重(kg) | F5: 共重(kg) | I5: 长边 | J5: 厚度 | K5: 短边 | L5: 侧面S | M5: 涂装
A6: 顶板 | B6: GT1 | C6: =CONCATENATE("□",I6,"×",J6,"×",K6) -> □7057×40×1753 | D6: 2 | E6: =IF(L6>0,(L6*J6/1000000000*7850),(I6*J6*K6/1000000000*7850)) -> 3698.6249 | F6: =D6*E6 -> 7397.2499 | I6: 7057 | J6: 40 | K6: 1753 | L6: 11779060 | M6: =IF(L6>0,(L6*2/1000000),(I6*K6*2/1000000)) -> 23.558121 | N6: =D6*M6 -> 47.116241
A7: 底板 | B7: GD1 | C7: =CONCATENATE("□",I7,"×",J7,"×",K7) -> □1753×60×1331 | D7: 2 | E7: =IF(L7>0,(L7*J7/1000000000*7850),(I7*J7*K7/1000000000*7850)) -> 852.19448 | F7: =D7*E7 -> 1704.389 | I7: 1753 | J7: 60 | K7: 1331 | L7: 1809330.1 | M7: =IF(L7>0,(L7*2/1000000),(I7*K7*2/1000000)) -> 3.6186602 | N7: =D7*M7 -> 7.2373204
A8: 腹板 | B8: GF1 | C8: =CONCATENATE("□",I8,"×",J8,"×",K8) -> □7031×50×1870 | D8: 2 | E8: =IF(L8>0,(L8*J8/1000000000*7850),(I8*J8*K8/1000000000*7850)) -> 4161.8991 | F8: =D8*E8 -> 8323.7982 | I8: 7031 | J8: 50 | K8: 1870 | L8: 10603565 | M8: =IF(L8>0,(L8*2/1000000),(I8*K8*2/1000000)) -> 21.207129 | N8: =D8*M8 -> 42.414259
B9: GF1a | C9: =CONCATENATE("□",I9,"×",J9,"×",K9) -> □4313×50×1870 | D9: 2 | E9: =IF(L9>0,(L9*J9/1000000000*7850),(I9*J9*K9/1000000000*7850)) -> 2046.4962 | F9: =D9*E9 -> 4092.9923 | I9: 4313 | J9: 50 | K9: 1870 | L9: 5214002.9 | M9: =IF(L9>0,(L9*2/1000000),(I9*K9*2/1000000)) -> 10.428006 | N9: =D9*M9 -> 20.856012
B10: GF2 | C10: =CONCATENATE("□",I10,"×",J10,"×",K10) -> □6502×50×1870 | D10: 2 | E10: =IF(L10>0,(L10*J10/1000000000*7850),(I10*J10*K10/1000000000*7850)) -> 3648.3329 | F10: =D10*E10 -> 7296.6658 | I10: 6502 | J10: 50 | K10: 1870 | L10: 9295115.7 | M10: =IF(L10>0,(L10*2/1000000),(I10*K10*2/1000000)) -> 18.590231 | N10: =D10*M10 -> 37.180463
B11: GF2a | C11: =CONCATENATE("□",I11,"×",J11,"×",K11) -> □11870×50×3448 | D11: 2 | E11: =IF(L11>0,(L11*J11/1000000000*7850),(I11*J11*K11/1000000000*7850)) -> 1538.0857 | F11: =D11*E11 -> 3076.1714 | I11: 11870 | J11: 50 | K11: 3448 | L11: 3918689.7 | M11: =IF(L11>0,(L11*2/1000000),(I11*K11*2/1000000)) -> 7.8373795 | N11: =D11*M11 -> 15.674759
B12: GF3 | C12: =CONCATENATE("□",I12,"×",J12,"×",K12) -> □6767×40×3627 | D12: 2 | E12: =IF(L12>0,(L12*J12/1000000000*7850),(I12*J12*K12/1000000000*7850)) -> 3987.1145 | F12: =D12*E12 -> 7974.229 | I12: 6767 | J12: 40 | K12: 3627 | L12: 12697817 | M12: =IF(L12>0,(L12*2/1000000),(I12*K12*2/1000000)) -> 25.395634 | N12: =D12*M12 -> 50.791267
A13: 横隔 | B13: GG1 | C13: =CONCATENATE("□",I13,"×",J13,"×",K13) -> □3640×24×2639 | D13: 4 | E13: =IF(L13>0,(L13*J13/1000000000*7850),(I13*J13*K13/1000000000*7850)) -> 522.90541 | F13: =D13*E13 -> 2091.6216 | I13: 3640 | J13: 24 | K13: 2639 | L13: 2775506.4 | M13: =IF(L13>0,(L13*2/1000000),(I13*K13*2/1000000)) -> 5.5510128 | N13: =D13*M13 -> 22.204051
B14: GG2 | C14: =CONCATENATE("□",I14,"×",J14,"×",K14) -> □2695×24×1230 | D14: 2 | E14: =IF(L14>0,(L14*J14/1000000000*7850),(I14*J14*K14/1000000000*7850)) -> 362.69859 | F14: =D14*E14 -> 725.39717 | I14: 2695 | J14: 24 | K14: 1230 | L14: 1925151.7 | M14: =IF(L14>0,(L14*2/1000000),(I14*K14*2/1000000)) -> 3.8503035 | N14: =D14*M14 -> 7.7006069
B15: GG2a | C15: =CONCATENATE("□",I15,"×",J15,"×",K15) -> □2912×24×1230 | D15: 2 | E15: =IF(L15>0,(L15*J15/1000000000*7850),(I15*J15*K15/1000000000*7850)) -> 389.75006 | F15: =D15*E15 -> 779.50013 | I15: 2912 | J15: 24 | K15: 1230 | L15: 2068737.1 | M15: =IF(L15>0,(L15*2/1000000),(I15*K15*2/1000000)) -> 4.1374741 | N15: =D15*M15 -> 8.2749483
B16: GG3 | C16: =CONCATENATE("□",I16,"×",J16,"×",K16) -> □2022×24×1218 | D16: 2 | E16: =IF(L16>0,(L16*J16/1000000000*7850),(I16*J16*K16/1000000000*7850)) -> 257.70338 | F16: =D16*E16 -> 515.40677 | I16: 2022 | J16: 24 | K16: 1218 | L16: 1367852.4 | M16: =IF(L16>0,(L16*2/1000000),(I16*K16*2/1000000)) -> 2.7357047 | N16: =D16*M16 -> 5.4714094
B17: GG3a | C17: =CONCATENATE("□",I17,"×",J17,"×",K17) -> □2275×24×1218 | D17: 2 | E17: =IF(L17>0,(L17*J17/1000000000*7850),(I17*J17*K17/1000000000*7850)) -> 298.69756 | F17: =D17*E17 -> 597.39512 | I17: 2275 | J17: 24 | K17: 1218 | L17: 1585443.5 | M17: =IF(L17>0,(L17*2/1000000),(I17*K17*2/1000000)) -> 3.1708871 | N17: =D17*M17 -> 6.3417741
B18: GG4 | C18: =CONCATENATE("□",I18,"×",J18,"×",K18) -> □1037×24×1212 | D18: 2 | E18: =IF(L18>0,(L18*J18/1000000000*7850),(I18*J18*K18/1000000000*7850)) -> 136.03056 | F18: =D18*E18 -> 272.06112 | I18: 1037 | J18: 24 | K18: 1212 | L18: 722030.58 | M18: =IF(L18>0,(L18*2/1000000),(I18*K18*2/1000000)) -> 1.4440612 | N18: =D18*M18 -> 2.8881223
B19: GG4a | C19: =CONCATENATE("□",I19,"×",J19,"×",K19) -> □1161×24×1573 | D19: 2 | E19: =IF(L19>0,(L19*J19/1000000000*7850),(I19*J19*K19/1000000000*7850)) -> 168.65667 | F19: =D19*E19 -> 337.31333 | I19: 1161 | J19: 24 | K19: 1573 | L19: 895205.23 | M19: =IF(L19>0,(L19*2/1000000),(I19*K19*2/1000000)) -> 1.7904105 | N19: =D19*M19 -> 3.5808209
B20: GG5 | C20: =CONCATENATE("□",I20,"×",J20,"×",K20) -> □822×24×920 | D20: 2 | E20: =IF(L20>0,(L20*J20/1000000000*7850),(I20*J20*K20/1000000000*7850)) -> 147.8831 | F20: =D20*E20 -> 295.76621 | I20: 822 | J20: 24 | K20: 920 | L20: 784942.17 | M20: =IF(L20>0,(L20*2/1000000),(I20*K20*2/1000000)) -> 1.5698843 | N20: =D20*M20 -> 3.1397687
B21: GG5a | C21: =CONCATENATE("□",I21,"×",J21,"×",K21) -> □1031×24×1057 | D21: 2 | E21: =IF(L21>0,(L21*J21/1000000000*7850),(I21*J21*K21/1000000000*7850)) -> 205.3121 | F21: =D21*E21 -> 410.62421 | I21: 1031 | J21: 24 | K21: 1057 | M21: =IF(L21>0,(L21*2/1000000),(I21*K21*2/1000000)) -> 2.179534 | N21: =D21*M21 -> 4.359068
A22: 加劲 | B22: GGJ1 | C22: =CONCATENATE("□",I22,"×",J22,"×",K22,"(平均)") -> □1700×24×240(平均) | D22: 20 | E22: =IF(L22>0,(L22*J22/1000000000*7850),(I22*J22*K22/1000000000*7850)) -> 76.8672 | F22: =D22*E22 -> 1537.344 | I22: =(1042+2358)/2 -> 1700 | J22: 24 | K22: 240 | M22: =IF(L22>0,(L22*2/1000000),(I22*K22*2/1000000)) -> 0.816 | N22: =D22*M22 -> 16.32
B23: GTJ1 | C23: =CONCATENATE("□",I23,"×",J23,"×",K23,"(平均)") -> □6766×32×320(平均) | D23: 4 | E23: =IF(L23>0,(L23*J23/1000000000*7850),(I23*J23*K23/1000000000*7850)) -> 543.87814 | F23: =D23*E23 -> 2175.5126 | I23: =(6678+6854)/2 -> 6766 | J23: 32 | K23: 320 | M23: =IF(L23>0,(L23*2/1000000),(I23*K23*2/1000000)) -> 4.33024 | N23: =D23*M23 -> 17.32096
B24: GDJ1 | C24: =CONCATENATE("□",I24,"×",J24,"×",K24,"(平均)") -> □1033×32×320(平均) | D24: 4 | E24: =IF(L24>0,(L24*J24/1000000000*7850),(I24*J24*K24/1000000000*7850)) -> 83.036672 | F24: =D24*E24 -> 332.14669 | I24: =(943+1123)/2 -> 1033 | J24: 32 | K24: 320 | M24: =IF(L24>0,(L24*2/1000000),(I24*K24*2/1000000)) -> 0.66112 | N24: =D24*M24 -> 2.64448
B25: GFJ1 | C25: =CONCATENATE("□",I25,"×",J25,"×",K25,"(平均)") -> □4206×32×320(平均) | D25: 12 | E25: =IF(L25>0,(L25*J25/1000000000*7850),(I25*J25*K25/1000000000*7850)) -> 338.0951 | F25: =D25*E25 -> 4057.1412 | I25: =(2282+6130)/2 -> 4206 | J25: 32 | K25: 320 | M25: =IF(L25>0,(L25*2/1000000),(I25*K25*2/1000000)) -> 2.69184 | N25: =D25*M25 -> 32.30208
B26: GFJ2 | C26: =CONCATENATE("□",I26,"×",J26,"×",K26,"(平均)") -> □3568×32×320(平均) | D26: 12 | E26: =IF(L26>0,(L26*J26/1000000000*7850),(I26*J26*K26/1000000000*7850)) -> 286.81011 | F26: =D26*E26 -> 3441.7213 | I26: =(1643+5493)/2 -> 3568 | J26: 32 | K26: 320 | M26: =IF(L26>0,(L26*2/1000000),(I26*K26*2/1000000)) -> 2.28352 | N26: =D26*M26 -> 27.40224
B27: GFJ3 | C27: =CONCATENATE("□",I27,"×",J27,"×",K27,"(平均)") -> □2888×32×320(平均) | D27: 12 | E27: =IF(L27>0,(L27*J27/1000000000*7850),(I27*J27*K27/1000000000*7850)) -> 232.14899 | F27: =D27*E27 -> 2785.7879 | I27: =(4310+1466)/2 -> 2888 | J27: 32 | K27: 320 | M27: =IF(L27>0,(L27*2/1000000),(I27*K27*2/1000000)) -> 1.84832 | N27: =D27*M27 -> 22.17984
B28: 合计（kg） | F28: =SUM(F6:F27) -> 60220.235
B29: 焊缝1.5%（kg） | F29: =F28*0.015 -> 903.30353
B30: 总计（kg） | F30: =F28+F29 -> 61123.539
A34: 小桩号结合段连梁
A35: 位置 | B35: 编号 | C35: 规格(mm) | D35: 数量 | E35: 单件重(kg) | F35: 共重(kg)
A36: 顶板 | B36: LT1 | C36: =CONCATENATE("□",I36,"×",J36,"×",K36) -> □3953×24×1580 | D36: 2 | E36: =IF(L36>0,(L36*J36/1000000000*7850),(I36*J36*K36/1000000000*7850)) -> 1089.3553 | F36: =D36*E36 -> 2178.7107 | I36: 3953 | J36: 24 | K36: 1580 | L36: 5782140.8 | M36: =IF(L36>0,(L36*2/1000000),(I36*K36*2/1000000)) -> 11.564282 | N36: =D36*M36 -> 23.128563
A37: 底板 | B37: LD1 | C37: =CONCATENATE("□",I37,"×",J37,"×",K37) -> □2388×24×1580 | D37: 2 | E37: =IF(L37>0,(L37*J37/1000000000*7850),(I37*J37*K37/1000000000*7850)) -> 623.31434 | F37: =D37*E37 -> 1246.6287 | I37: 2388 | J37: 24 | K37: 1580 | L37: 3308462.5 | M37: =IF(L37>0,(L37*2/1000000),(I37*K37*2/1000000)) -> 6.616925 | N37: =D37*M37 -> 13.23385
A38: 腹板 | B38: LF1 | C38: =CONCATENATE("□",I38,"×",J38,"×",K38) -> □3979×24×1048 | D38: 4 | E38: =IF(L38>0,(L38*J38/1000000000*7850),(I38*J38*K38/1000000000*7850)) -> 631.12975 | F38: =D38*E38 -> 2524.519 | I38: 3979 | J38: 24 | K38: 1048 | L38: 3349945.6 | M38: =IF(L38>0,(L38*2/1000000),(I38*K38*2/1000000)) -> 6.6998912 | N38: =D38*M38 -> 26.799565
B39: LF2 | C39: =CONCATENATE("□",I39,"×",J39,"×",K39) -> □676×24×676 | D39: 4 | E39: =IF(L39>0,(L39*J39/1000000000*7850),(I39*J39*K39/1000000000*7850)) -> 15.747291 | F39: =D39*E39 -> 62.989166 | I39: 676 | J39: 24 | K39: 676 | L39: 83584.35 | M39: =IF(L39>0,(L39*2/1000000),(I39*K39*2/1000000)) -> 0.1671687 | N39: =D39*M39 -> 0.6686748
A40: 横隔 | B40: LG1 | C40: =CONCATENATE("□",I40,"×",J40,"×",K40) -> □1580×12×1000 | D40: 2 | E40: =IF(L40>0,(L40*J40/1000000000*7850),(I40*J40*K40/1000000000*7850)) -> 117.54721 | F40: =D40*E40 -> 235.09442 | I40: 1580 | J40: 12 | K40: 1000 | L40: 1247847.3 | M40: =IF(L40>0,(L40*2/1000000),(I40*K40*2/1000000)) -> 2.4956945 | N40: =D40*M40 -> 4.9913891
A41: 加劲 | B41: LJ1 | C41: =CONCATENATE("□",I41,"×",J41,"×",K41,"(平均)") -> □1570×12×140(平均) | D41: 12 | E41: =IF(L41>0,(L41*J41/1000000000*7850),(I41*J41*K41/1000000000*7850)) -> 20.70516 | F41: =D41*E41 -> 248.46192 | I41: =(788+2352)/2 -> 1570 | J41: 12 | K41: 140 | M41: =IF(L41>0,(L41*2/1000000),(I41*K41*2/1000000)) -> 0.4396 | N41: =D41*M41 -> 5.2752
B42: LJ2 | C42: =CONCATENATE("□",I42,"×",J42,"×",K42) -> □1891×10×110 | D42: 2 | E42: =IF(L42>0,(L42*J42/1000000000*7850),(I42*J42*K42/1000000000*7850)) -> 16.328785 | F42: =D42*E42 -> 32.65757 | I42: 1891 | J42: 10 | K42: 110
B43: 合计（kg） | F43: =SUM(F36:F42) -> 6529.0614
B44: 焊缝1.5%（kg） | F44: =F43*0.015 -> 97.935921
B45: 总计（kg） | F45: =F43+F44 -> 6626.9974
A50: 大桩号结合段拱
A51: 位置 | B51: 编号 | C51: 规格(mm) | D51: 数量 | E51: 单件重(kg) | F51: 共重(kg) | I51: 长边 | J51: 厚度 | K51: 短边 | L51: 侧面S | M51: 涂装
A52: 顶板 | B52: GT1 | C52: =CONCATENATE("□",I52,"×",J52,"×",K52) -> □8497×40×1753 | D52: 2 | E52: =IF(L52>0,(L52*J52/1000000000*7850),(I52*J52*K52/1000000000*7850)) -> 4478.3426 | F52: =D52*E52 -> 8956.6852 | I52: 8497 | J52: 40 | K52: 1753 | L52: 14262238 | M52: =IF(L52>0,(L52*2/1000000),(I52*K52*2/1000000)) -> 28.524475 | N52: =D52*M52 -> 57.04895
A53: 底板 | B53: GD1 | C53: =CONCATENATE("□",I53,"×",J53,"×",K53) -> □2680×60×1753 | D53: 2 | E53: =IF(L53>0,(L53*J53/1000000000*7850),(I53*J53*K53/1000000000*7850)) -> 1963.5195 | F53: =D53*E53 -> 3927.039 | I53: 2680 | J53: 60 | K53: 1753 | L53: 4168831.2 | M53: =IF(L53>0,(L53*2/1000000),(I53*K53*2/1000000)) -> 8.3376624 | N53: =D53*M53 -> 16.675325
A54: 腹板 | B54: GF1 | C54: =CONCATENATE("□",I54,"×",J54,"×",K54) -> □8470×50×1870 | D54: 2 | E54: =IF(L54>0,(L54*J54/1000000000*7850),(I54*J54*K54/1000000000*7850)) -> 5196.6677 | F54: =D54*E54 -> 10393.335 | I54: 8470 | J54: 50 | K54: 1870 | L54: 13239918 | M54: =IF(L54>0,(L54*2/1000000),(I54*K54*2/1000000)) -> 26.479835 | N54: =D54*M54 -> 52.959671
B55: GF1a | C55: =CONCATENATE("□",I55,"×",J55,"×",K55) -> □5709×50×1870 | D55: 2 | E55: =IF(L55>0,(L55*J55/1000000000*7850),(I55*J55*K55/1000000000*7850)) -> 3042.3415 | F55: =D55*E55 -> 6084.6829 | I55: 5709 | J55: 50 | K55: 1870 | L55: 7751188.4 | M55: =IF(L55>0,(L55*2/1000000),(I55*K55*2/1000000)) -> 15.502377 | N55: =D55*M55 -> 31.004754
B56: GF2 | C56: =CONCATENATE("□",I56,"×",J56,"×",K56) -> □7940×50×1870 | D56: 2 | E56: =IF(L56>0,(L56*J56/1000000000*7850),(I56*J56*K56/1000000000*7850)) -> 4682.3325 | F56: =D56*E56 -> 9364.665 | I56: 7940 | J56: 50 | K56: 1870 | L56: 11929510 | M56: =IF(L56>0,(L56*2/1000000),(I56*K56*2/1000000)) -> 23.859019 | N56: =D56*M56 -> 47.718038
B57: GF2a | C57: =CONCATENATE("□",I57,"×",J57,"×",K57) -> □11870×50×4847 | D57: 2 | E57: =IF(L57>0,(L57*J57/1000000000*7850),(I57*J57*K57/1000000000*7850)) -> 2538.644 | F57: =D57*E57 -> 5077.288 | I57: 11870 | J57: 50 | K57: 4847 | L57: 6467882.8 | M57: =IF(L57>0,(L57*2/1000000),(I57*K57*2/1000000)) -> 12.935766 | N57: =D57*M57 -> 25.871531
B58: GF3 | C58: =CONCATENATE("□",I58,"×",J58,"×",K58) -> □8198×40×3627 | D58: 2 | E58: =IF(L58>0,(L58*J58/1000000000*7850),(I58*J58*K58/1000000000*7850)) -> 5571.5176 | F58: =D58*E58 -> 11143.035 | I58: 8198 | J58: 40 | K58: 3627 | L58: 17743687 | M58: =IF(L58>0,(L58*2/1000000),(I58*K58*2/1000000)) -> 35.487373 | N58: =D58*M58 -> 70.974747
A59: 横隔 | B59: GG1 | C59: =CONCATENATE("□",I59,"×",J59,"×",K59) -> □3640×24×1301 | D59: 4 | E59: =IF(L59>0,(L59*J59/1000000000*7850),(I59*J59*K59/1000000000*7850)) -> 520.88305 | F59: =D59*E59 -> 2083.5322 | I59: 3640 | J59: 24 | K59: 1301 | L59: 2764772 | M59: =IF(L59>0,(L59*2/1000000),(I59*K59*2/1000000)) -> 5.5295441 | N59: =D59*M59 -> 22.118176
B60: GG2 | C60: =CONCATENATE("□",I60,"×",J60,"×",K60) -> □1230×24×2686 | D60: 2 | E60: =IF(L60>0,(L60*J60/1000000000*7850),(I60*J60*K60/1000000000*7850)) -> 357.98896 | F60: =D60*E60 -> 715.97791 | I60: 1230 | J60: 24 | K60: 2686 | L60: 1900153.7 | M60: =IF(L60>0,(L60*2/1000000),(I60*K60*2/1000000)) -> 3.8003074 | N60: =D60*M60 -> 7.6006148
B61: GG2a | C61: =CONCATENATE("□",I61,"×",J61,"×",K61) -> □1230×24×2905 | D61: 2 | E61: =IF(L61>0,(L61*J61/1000000000*7850),(I61*J61*K61/1000000000*7850)) -> 389.17325 | F61: =D61*E61 -> 778.3465 | I61: 1230 | J61: 24 | K61: 2905 | L61: 2065675.4 | M61: =IF(L61>0,(L61*2/1000000),(I61*K61*2/1000000)) -> 4.1313508 | N61: =D61*M61 -> 8.2627017
B62: GG3 | C62: =CONCATENATE("□",I62,"×",J62,"×",K62) -> □1216×24×2065 | D62: 2 | E62: =IF(L62>0,(L62*J62/1000000000*7850),(I62*J62*K62/1000000000*7850)) -> 267.32944 | F62: =D62*E62 -> 534.65889 | I62: 1216 | J62: 24 | K62: 2065 | L62: 1418946.1 | M62: =IF(L62>0,(L62*2/1000000),(I62*K62*2/1000000)) -> 2.8378922 | N62: =D62*M62 -> 5.6757843
B63: GG3a | C63: =CONCATENATE("□",I63,"×",J63,"×",K63) -> □1230×24×2316 | D63: 2 | E63: =IF(L63>0,(L63*J63/1000000000*7850),(I63*J63*K63/1000000000*7850)) -> 306.34303 | F63: =D63*E63 -> 612.68606 | I63: 1230 | J63: 24 | K63: 2316 | L63: 1626024.6 | M63: =IF(L63>0,(L63*2/1000000),(I63*K63*2/1000000)) -> 3.2520492 | N63: =D63*M63 -> 6.5040983
B64: GG4 | C64: =CONCATENATE("□",I64,"×",J64,"×",K64) -> □1225×24×1044 | D64: 2 | E64: =IF(L64>0,(L64*J64/1000000000*7850),(I64*J64*K64/1000000000*7850)) -> 139.32322 | F64: =D64*E64 -> 278.64644 | I64: 1225 | J64: 24 | K64: 1044 | L64: 739507.53 | M64: =IF(L64>0,(L64*2/1000000),(I64*K64*2/1000000)) -> 1.4790151 | N64: =D64*M64 -> 2.9580301
B65: GG4a | C65: =CONCATENATE("□",I65,"×",J65,"×",K65) -> □1610×24×1168 | D65: 2 | E65: =IF(L65>0,(L65*J65/1000000000*7850),(I65*J65*K65/1000000000*7850)) -> 172.00214 | F65: =D65*E65 -> 344.00427 | I65: 1610 | J65: 24 | K65: 1168 | L65: 912962.51 | M65: =IF(L65>0,(L65*2/1000000),(I65*K65*2/1000000)) -> 1.825925 | N65: =D65*M65 -> 3.6518501
B66: GG5 | C66: =CONCATENATE("□",I66,"×",J66,"×",K66) -> □931×24×873 | D66: 2 | E66: =IF(L66>0,(L66*J66/1000000000*7850),(I66*J66*K66/1000000000*7850)) -> 119.85201 | F66: =D66*E66 -> 239.70403 | I66: 931 | J66: 24 | K66: 873 | L66: 636157.19 | M66: =IF(L66>0,(L66*2/1000000),(I66*K66*2/1000000)) -> 1.2723144 | N66: =D66*M66 -> 2.5446288
B67: GG5a | C67: =CONCATENATE("□",I67,"×",J67,"×",K67) -> □1110×24×1042 | D67: 2 | E67: =IF(L67>0,(L67*J67/1000000000*7850),(I67*J67*K67/1000000000*7850)) -> 157.28912 | F67: =D67*E67 -> 314.57823 | I67: 1110 | J67: 24 | K67: 1042 | L67: 834867.93 | M67: =IF(L67>0,(L67*2/1000000),(I67*K67*2/1000000)) -> 1.6697359 | N67: =D67*M67 -> 3.3394717
A68: 加劲 | B68: GGJ1 | C68: =CONCATENATE("□",I68,"×",J68,"×",K68,"(平均)") -> □1713×24×240(平均) | D68: 20 | E68: =IF(L68>0,(L68*J68/1000000000*7850),(I68*J68*K68/1000000000*7850)) -> 77.455008 | F68: =D68*E68 -> 1549.1002 | I68: =(1075+2351)/2 -> 1713 | J68: 24 | K68: 240 | M68: =IF(L68>0,(L68*2/1000000),(I68*K68*2/1000000)) -> 0.82224 | N68: =D68*M68 -> 16.4448
B69: GTJ1 | C69: =CONCATENATE("□",I69,"×",J69,"×",K69,"(平均)") -> □8205×32×320(平均) | D69: 4 | E69: =IF(L69>0,(L69*J69/1000000000*7850),(I69*J69*K69/1000000000*7850)) -> 659.55072 | F69: =D69*E69 -> 2638.2029 | I69: =(8117+8293)/2 -> 8205 | J69: 32 | K69: 320 | M69: =IF(L69>0,(L69*2/1000000),(I69*K69*2/1000000)) -> 5.2512 | N69: =D69*M69 -> 21.0048
B70: GDJ1 | C70: =CONCATENATE("□",I70,"×",J70,"×",K70,"(平均)") -> □2384×32×320(平均) | D70: 4 | E70: =IF(L70>0,(L70*J70/1000000000*7850),(I70*J70*K70/1000000000*7850)) -> 191.63546 | F70: =D70*E70 -> 766.54182 | I70: =(2294+2474)/2 -> 2384 | J70: 32 | K70: 320 | M70: =IF(L70>0,(L70*2/1000000),(I70*K70*2/1000000)) -> 1.52576 | N70: =D70*M70 -> 6.10304
B71: GFJ1 | C71: =CONCATENATE("□",I71,"×",J71,"×",K71,"(平均)") -> □4770×32×320(平均) | D71: 12 | E71: =IF(L71>0,(L71*J71/1000000000*7850),(I71*J71*K71/1000000000*7850)) -> 383.43168 | F71: =D71*E71 -> 4601.1802 | I71: =(2708+6832)/2 -> 4770 | J71: 32 | K71: 320 | M71: =IF(L71>0,(L71*2/1000000),(I71*K71*2/1000000)) -> 3.0528 | N71: =D71*M71 -> 36.6336
B72: GFJ2 | C72: =CONCATENATE("□",I72,"×",J72,"×",K72,"(平均)") -> □4059×32×320(平均) | D72: 12 | E72: =IF(L72>0,(L72*J72/1000000000*7850),(I72*J72*K72/1000000000*7850)) -> 326.27866 | F72: =D72*E72 -> 3915.3439 | I72: =(2028+6090)/2 -> 4059 | J72: 32 | K72: 320 | M72: =IF(L72>0,(L72*2/1000000),(I72*K72*2/1000000)) -> 2.59776 | N72: =D72*M72 -> 31.17312
B73: GFJ3 | C73: =CONCATENATE("□",I73,"×",J73,"×",K73,"(平均)") -> □4112×32×320(平均) | D73: 12 | E73: =IF(L73>0,(L73*J73/1000000000*7850),(I73*J73*K73/1000000000*7850)) -> 330.53901 | F73: =D73*E73 -> 3966.4681 | I73: =(5555+2669)/2 -> 4112 | J73: 32 | K73: 320 | M73: =IF(L73>0,(L73*2/1000000),(I73*K73*2/1000000)) -> 2.63168 | N73: =D73*M73 -> 31.58016
B74: 合计（kg） | F74: =SUM(F52:F73) -> 78285.702
B75: 焊缝1.5%（kg） | F75: =F74*0.015 -> 1174.2855
B76: 总计（kg） | F76: =F74+F75 -> 79459.988
A80: 大桩号结合段连梁
A81: 位置 | B81: 编号 | C81: 规格(mm) | D81: 数量 | E81: 单件重(kg) | F81: 共重(kg)
A82: 顶板 | B82: LT1 | C82: =CONCATENATE("□",I82,"×",J82,"×",K82) -> □3830×24×1580 | D82: 2 | E82: =IF(L82>0,(L82*J82/1000000000*7850),(I82*J82*K82/1000000000*7850)) -> 1060.8616 | F82: =D82*E82 -> 2121.7231 | I82: 3830 | J82: 24 | K82: 1580 | L82: 5630900 | M82: =IF(L82>0,(L82*2/1000000),(I82*K82*2/1000000)) -> 11.2618 | N82: =D82*M82 -> 22.5236
A83: 底板 | B83: LD1 | C83: =CONCATENATE("□",I83,"×",J83,"×",K83) -> □2264×24×1580 | D83: 2 | E83: =IF(L83>0,(L83*J83/1000000000*7850),(I83*J83*K83/1000000000*7850)) -> 594.55837 | F83: =D83*E83 -> 1189.1167 | I83: 2264 | J83: 24 | K83: 1580 | L83: 3155830 | M83: =IF(L83>0,(L83*2/1000000),(I83*K83*2/1000000)) -> 6.31166 | N83: =D83*M83 -> 12.62332
A84: 腹板 | B84: LF1 | C84: =CONCATENATE("□",I84,"×",J84,"×",K84) -> □3859×24×1048 | D84: 4 | E84: =IF(L84>0,(L84*J84/1000000000*7850),(I84*J84*K84/1000000000*7850)) -> 607.28592 | F84: =D84*E84 -> 2429.1437 | I84: 3859 | J84: 24 | K84: 1048 | L84: 3223386 | M84: =IF(L84>0,(L84*2/1000000),(I84*K84*2/1000000)) -> 6.446772 | N84: =D84*M84 -> 25.787088
B85: LF2 | C85: =CONCATENATE("□",I85,"×",J85,"×",K85) -> □685×24×685 | D85: 4 | E85: =IF(L85>0,(L85*J85/1000000000*7850),(I85*J85*K85/1000000000*7850)) -> 16.025769 | F85: =D85*E85 -> 64.103076 | I85: 685 | J85: 24 | K85: 685 | L85: 85062.469 | M85: =IF(L85>0,(L85*2/1000000),(I85*K85*2/1000000)) -> 0.17012494 | N85: =D85*M85 -> 0.68049975
A86: 横隔 | B86: LG1 | C86: =CONCATENATE("□",I86,"×",J86,"×",K86) -> □1580×12×1000 | D86: 2 | E86: =IF(L86>0,(L86*J86/1000000000*7850),(I86*J86*K86/1000000000*7850)) -> 117.54721 | F86: =D86*E86 -> 235.09442 | I86: 1580 | J86: 12 | K86: 1000 | L86: 1247847.3 | M86: =IF(L86>0,(L86*2/1000000),(I86*K86*2/1000000)) -> 2.4956945 | N86: =D86*M86 -> 4.9913891
A87: 加劲 | B87: LJ1 | C87: =CONCATENATE("□",I87,"×",J87,"×",K87,"(平均)") -> □2322×12×140(平均) | D87: 12 | E87: =IF(L87>0,(L87*J87/1000000000*7850),(I87*J87*K87/1000000000*7850)) -> 30.622536 | F87: =D87*E87 -> 367.47043 | I87: =(814+3830)/2 -> 2322 | J87: 12 | K87: 140 | M87: =IF(L87>0,(L87*2/1000000),(I87*K87*2/1000000)) -> 0.65016 | N87: =D87*M87 -> 7.80192
B88: LJ2 | C88: =CONCATENATE("□",I88,"×",J88,"×",K88) -> □1891×10×110 | D88: 2 | E88: =IF(L88>0,(L88*J88/1000000000*7850),(I88*J88*K88/1000000000*7850)) -> 16.328785 | F88: =D88*E88 -> 32.65757 | I88: 1891 | J88: 10 | K88: 110
B89: 合计（kg） | F89: =SUM(F82:F88) -> 6439.3091
B90: 焊缝1.5%（kg） | F90: =F89*0.015 -> 96.589636
B91: 总计（kg） | F91: =F89+F90 -> 6535.8987
B95: 小桩号 | C95: 大桩号 | D95: 合计
A96: 10 | B96: =SUMIF($J$6:$J$42,A96,$F$6:$F$42) -> 32.65757 | C96: =SUMIF($J$52:$J$88,A96,$F$52:$F$88) -> 32.65757 | D96: =B96+C96 -> 65.31514
A97: 12 | B97: =SUMIF($J$6:$J$42,A97,$F$6:$F$42) -> 483.55634 | C97: =SUMIF($J$52:$J$88,A97,$F$52:$F$88) -> 602.56486 | D97: =B97+C97 -> 1086.1212
A98: 24 | B98: =SUMIF($J$6:$J$42,A98,$F$6:$F$42) -> 13575.277 | C98: =SUMIF($J$52:$J$88,A98,$F$52:$F$88) -> 13255.321 | D98: =B98+C98 -> 26830.599
A99: 32 | B99: =SUMIF($J$6:$J$42,A99,$F$6:$F$42) -> 12792.31 | C99: =SUMIF($J$52:$J$88,A99,$F$52:$F$88) -> 15887.737 | D99: =B99+C99 -> 28680.047
A100: 40 | B100: =SUMIF($J$6:$J$42,A100,$F$6:$F$42) -> 15371.479 | C100: =SUMIF($J$52:$J$88,A100,$F$52:$F$88) -> 20099.72 | D100: =B100+C100 -> 35471.199
A101: 50 | B101: =SUMIF($J$6:$J$42,A101,$F$6:$F$42) -> 22789.628 | C101: =SUMIF($J$52:$J$88,A101,$F$52:$F$88) -> 30919.971 | D101: =B101+C101 -> 53709.599
A102: 60 | B102: =SUMIF($J$6:$J$42,A102,$F$6:$F$42) -> 1704.389 | C102: =SUMIF($J$52:$J$88,A102,$F$52:$F$88) -> 3927.039 | D102: =B102+C102 -> 5631.428

Sheet 临时吊点+匹配件+工地
B2: 编号 | C2: 规格(mm) | D2: 单个吊点 | G2: 全桥合计(共528个) | H2: 材质
D3: 数量 | E3: 单件重(kg) | F3: 重量(kg) | K3: 长边 | L3: 厚度 | M3: 短边 | N3: 侧面S | O3: 涂装
B4: N1 | C4: =CONCATENATE("□",K4,"×",L4,"×",M4) -> □600×20×600 | D4: 1 | E4: =IF(N4>0,(N4*L4/1000000000*7850),(K4*L4*M4/1000000000*7850)) -> 40.897021 | F4: =D4*E4 -> 40.897021 | G4: =SUM(F4:F6)*528 -> 40873.713 | H4: Q355D | I4: =F5*528 -> 11458.72 | K4: 600 | L4: 20 | M4: 600 | N4: 260490.58 | O4: =IF(N4>0,(N4*2/1000000),(K4*M4*2/1000000)) -> 0.52098115 | P4: =O4*D4*528 -> 275.07805
B5: N2 | C5: =CONCATENATE("□",K5,"×",L5,"×",M5) -> □180×16×180 | D5: 2 | E5: =IF(N5>0,(N5*L5/1000000000*7850),(K5*L5*M5/1000000000*7850)) -> 10.851061 | F5: =D5*E5 -> 21.702122 | I5: =G4-I4 -> 29414.993 | K5: 180 | L5: 16 | M5: 180 | N5: 86393.798 | O5: =IF(N5>0,(N5*2/1000000),(K5*M5*2/1000000)) -> 0.1727876 | P5: =O5*D5*528 -> 182.4637
B6: N3 | C6: =CONCATENATE("□",K6,"×",L6,"×",M6) -> □240×20×140 | D6: 4 | E6: =IF(N6>0,(N6*L6/1000000000*7850),(K6*L6*M6/1000000000*7850)) -> 3.7032983 | F6: =D6*E6 -> 14.813193 | K6: 240 | L6: 20 | M6: 140 | N6: 23587.887 | O6: =IF(N6>0,(N6*2/1000000),(K6*M6*2/1000000)) -> 0.047175774 | P6: =O6*D6*528 -> 99.635236
B7: 合计（kg） | F7: =SUM(F4:F6) -> 77.412336 | G7: =F7*528 -> 40873.713 | P7: =SUM(P4:P6) -> 557.17699
B8: 焊缝1.5%（kg） | F8: =F7*0.015 -> 1.161185 | G8: =F8*528 -> 613.1057
B9: 总计（kg） | F9: =F7+F8 -> 78.573521 | G9: =F9*528 -> 41486.819
A17: 项目 | B17: 编号 | C17: 规格(mm) | D17: 单个匹配件 | G17: 全桥合计(共528个) | H17: 材质
D18: 数量 | E18: 单件重(kg) | F18: 重量(kg)
A19: 钢材 | B19: A1 | C19: =CONCATENATE("□",K19,"×",L19,"×",M19) -> □550×16×110 | D19: 2 | E19: =IF(N19>0,(N19*L19/1000000000*7850),(K19*L19*M19/1000000000*7850)) -> 7.5988 | F19: =D19*E19 -> 15.1976 | G19: =SUM(F19:F21)*528 -> 21838.951 | H19: Q355D | K19: 550 | L19: 16 | M19: 110 | O19: =IF(N19>0,(N19*2/1000000),(K19*M19*2/1000000)) -> 0.121 | P19: =O19*D19*528 -> 127.776
B20: A2 | C20: =CONCATENATE("□",K20,"×",L20,"×",M20) -> □550×42×110 | D20: 1 | E20: =IF(N20>0,(N20*L20/1000000000*7850),(K20*L20*M20/1000000000*7850)) -> 19.94685 | F20: =D20*E20 -> 19.94685 | K20: 550 | L20: 42 | M20: 110 | O20: =IF(N20>0,(N20*2/1000000),(K20*M20*2/1000000)) -> 0.121 | P20: =O20*D20*528 -> 63.888
B21: A3 | C21: =CONCATENATE("□",K21,"×",L21,"×",M21) -> □150×12×110 | D21: 4 | E21: =IF(N21>0,(N21*L21/1000000000*7850),(K21*L21*M21/1000000000*7850)) -> 1.5543 | F21: =D21*E21 -> 6.2172 | K21: 150 | L21: 12 | M21: 110 | O21: =IF(N21>0,(N21*2/1000000),(K21*M21*2/1000000)) -> 0.033 | P21: =O21*D21*528 -> 69.696
B22: 合计（kg） | F22: =SUM(F19:F21) -> 41.36165 | G22: =F22*528 -> 21838.951 | P22: =SUM(P19:P21) -> 261.36
B23: 焊缝1.5%（kg） | F23: =F22*0.015 -> 0.62042475 | G23: =F23*528 -> 327.58427
B24: 总计（kg） | F24: =F22+F23 -> 41.982075 | G24: =F24*528 -> 22166.535
A25: M24螺栓 | B25: 螺栓 | C25: M24×140(GB/1228-91) | D25: 5 | E25: - | F25: - | G25: =D25*528 -> 2640 | H25: 40MnB
B26: 螺母 | C26: GB/T1229-M24-9H | D26: 5 | E26: - | F26: - | G26: =D26*528 -> 2640
B27: 垫圈 | C27: GB/T1230 24 | D27: 5 | E27: - | F27: - | G27: =D27*528 -> 2640 | H27: 45
B33: 编号 | C33: 规格(mm) | D33: 全桥数量 | E33: 单件重(kg) | F33: 全桥重量(kg) | G33: 材质
B34: A1 | C34: =CONCATENATE("□",K34,"×",L34,"×",M34) -> □550×12×180 | D34: 800 | E34: =IF(N34>0,(N34*L34/1000000000*7850),(K34*L34*M34/1000000000*7850)) -> 9.3258 | F34: =D34*E34 -> 7460.64 | G34: Q355D | K34: 550 | L34: 12 | M34: 180 | O34: =IF(N34>0,(N34*2/1000000),(K34*M34*2/1000000)) -> 0.198 | P34: =O34*D34 -> 158.4
B35: 高强螺栓 | C35: M22×80-10.9S | D35: =D34*12 -> 9600
B41: 材料 | C41: 规格 | D41: 数量
C42: mm | D42: kg
B43: 钢材(Q345D) | C43: t=12 | D43: =F21*528+F34 -> 10743.322
C44: t=16 | D44: =F5*528+F19*528 -> 19483.053
C45: t=20 | D45: =F6*528+F4*528 -> 29414.993
C46: t=42 | D46: =F20*528 -> 10531.937
C47: 合计 | D47: =SUM(D43:D46) -> 70173.305
B48: 涂装 | C48: 内涂装 | D48: =SUM(P4:P34) -> 1795.474
B49: M24螺栓(套) | C49: 40MnB | D49: =G25 -> 2640
B50: M22高强螺栓 | D50: =D35 -> 9600

Sheet 密封门及检查孔
A6: 密封门 | B6: AY-1690-8-90×12-6.1 | C6: 4

Sheet 主梁工程数量表
A2: 材料名称 | B2: 规格 | E2: 单位 | F2: 主梁 | G2: 吊点 | H2: 匹配件 | I2: 工地连接 | J2: 密封门 | K2: 合计
A3: 钢材 | B3: Q355D | D3: t=10 | E3: kg | F3: =A类梁段!E86+B1类梁段!D83+B2类梁段!D79+'C1类梁段'!D102+'C2类梁段'!D104+'结合段拱+连梁'!D96 -> 31868.064 | K3: =SUM(F3:J3) -> 31868.064
D4: t=12 | E4: kg | F4: =A类梁段!E87+B1类梁段!D84+B2类梁段!D80+'C1类梁段'!D103+'C2类梁段'!D105+'结合段拱+连梁'!D97 -> 685430.16 | H4: ='临时吊点+匹配件+工地'!F21*528 -> 3282.6816 | I4: ='临时吊点+匹配件+工地'!F34 -> 7460.64 | K4: =SUM(F4:J4) -> 696173.48
D5: t=14 | E5: kg | F5: =A类梁段!E88+B1类梁段!D85+B2类梁段!D81+'C1类梁段'!D104+'C2类梁段'!D106 -> 237040.76 | K5: =SUM(F5:J5) -> 237040.76
D6: t=16 | E6: kg | F6: =A类梁段!E89+B1类梁段!D86+B2类梁段!D82+'C1类梁段'!D105+'C2类梁段'!D107 -> 1211666.1 | G6: ='临时吊点+匹配件+工地'!I4 -> 11458.72 | H6: ='临时吊点+匹配件+工地'!F19*528 -> 8024.3328 | K6: =SUM(F6:J6) -> 1231149.2
D7: t=20 | E7: kg | F7: =B1类梁段!D87+B2类梁段!D83 -> 11298.109 | G7: ='临时吊点+匹配件+工地'!I5 -> 29414.993 | K7: =SUM(F7:J7) -> 40713.102
D8: t=24 | E8: kg | F8: =A类梁段!E90+B1类梁段!D88+B2类梁段!D84+'C1类梁段'!D106+'C2类梁段'!D108+'结合段拱+连梁'!D98 -> 136174.66 | K8: =SUM(F8:J8) -> 136174.66
D9: t=28 | E9: kg | F9: =A类梁段!E91+B1类梁段!D89+B2类梁段!D85+'C1类梁段'!D107+'C2类梁段'!D109 -> 382647.66 | K9: =SUM(F9:J9) -> 382647.66
D10: t=32 | E10: kg | F10: =B1类梁段!D90+B2类梁段!D86+'结合段拱+连梁'!D99 -> 130397.84 | K10: =SUM(F10:J10) -> 130397.84
D11: t=36 | E11: kg | F11: ='C1类梁段'!D108+'C2类梁段'!D110 -> 179849.61 | K11: =SUM(F11:J11) -> 179849.61
D12: t=40 | E12: kg | F12: ='C1类梁段'!D109+'C2类梁段'!D111+'结合段拱+连梁'!D100 -> 204514.12 | K12: =SUM(F12:J12) -> 204514.12
D13: t=42 | E13: kg | H13: ='临时吊点+匹配件+工地'!F20*528 -> 10531.937 | K13: =SUM(F13:J13) -> 10531.937
D14: t=50 | E14: kg | F14: =A类梁段!E92+B1类梁段!D91+B2类梁段!D87+'结合段拱+连梁'!D101 -> 56340.605 | K14: =SUM(F14:J14) -> 56340.605
D15: t=60 | E15: kg | F15: ='结合段拱+连梁'!D102 -> 5631.428 | K15: =SUM(F15:J15) -> 5631.428
D16: U型肋(t=8) | E16: kg | F16: =A类梁段!E93+B1类梁段!D92+B2类梁段!D88+'C1类梁段'!D110+'C2类梁段'!D112 -> 5907.1383 | K16: =SUM(F16:J16) -> 5907.1383
B17: 小计 | E17: kg | F17: =SUM(F3:F16) -> 3278766.3 | G17: =SUM(G3:G16) -> 40873.713 | H17: =SUM(H3:H16) -> 21838.951 | I17: =SUM(I3:I16) -> 7460.64 | K17: =SUM(F17:I17) -> 3348939.6
A18: 螺栓 | B18: M24 | E18: 套 | H18: ='临时吊点+匹配件+工地'!G25 -> 2640 | K18: =SUM(F18:I18) -> 2640
A19: 高强螺栓 | B19: M22 | E19: 套 | I19: ='临时吊点+匹配件+工地'!D35 -> 9600 | K19: =SUM(F19:I19) -> 9600
A20: 涂装 | B20: 外表面涂装 | E20: m2 | F20: =A类梁段!E98+B1类梁段!D97+B2类梁段!D93+'C1类梁段'!D115+'C2类梁段'!D117 -> 25978.686 | G20: ='临时吊点+匹配件+工地'!P7 -> 557.17699 | H20: ='临时吊点+匹配件+工地'!P22 -> 261.36 | I20: ='临时吊点+匹配件+工地'!P34 -> 158.4 | K20: =SUM(F20:J20) -> 26955.623
B21: 内表面涂装 | E21: m2 | F21: =A类梁段!E97+B1类梁段!D96+B2类梁段!D92+'C1类梁段'!D114+'C2类梁段'!D116 -> 21051.287 | K21: =SUM(F21:J21) -> 21051.287
A22: 密封门 | B22: AY-1690-8-90×12-6.1 | E22: 个 | J22: 4 | K22: =SUM(F22:J22) -> 4
