Workbook

Sheet Sheet1
A5: 材料名称 | B5: 规格 | E5: 单位 | F5: 上部结构 | G5: 下部结构 | H5: 拱肋 | I5: 桥面系 | J5: 合计
A6: 混凝土 | B6: C40 | E6: m3 | G6: =[1]主桥下部数量表!$L$5 -> 473.39648 | J6: =SUM(F6:I6) -> 473.39648
B7: C35 | E7: m3 | G7: =[1]主桥下部数量表!$L$6 -> 805.048 | J7: =SUM(F7:I7) -> 805.048
B8: C35水下 | E8: m3 | G8: =[1]主桥下部数量表!$L$7 -> 3513.1 | J8: =SUM(F8:I8) -> 3513.1
B9: C25封底混凝土 | E9: m3 | G9: =[1]主桥下部数量表!$L$8 -> 241.5144 | J9: =SUM(F9:I9) -> 241.5144
A10: 钢筋 | B10: HRB400 | D10: 32 | E10: kg | G10: =[1]主桥下部数量表!$L$14 -> 31996.38 | J10: =SUM(F10:I10) -> 31996.38
D11: 28 | E11: kg | G11: =[1]主桥下部数量表!$L$15 -> 91471.892 | J11: =SUM(F11:I11) -> 91471.892
D12: 25 | E12: kg | G12: =[1]主桥下部数量表!$L$16 -> 198927.7 | J12: =SUM(F12:I12) -> 198927.7
D13: 20 | E13: kg | G13: =[1]主桥下部数量表!$L$17 -> 6130.0262 | J13: =SUM(F13:I13) -> 6130.0262
D14: 16 | E14: kg | G14: =[1]主桥下部数量表!$L$18 -> 39222.618 | J14: =SUM(F14:I14) -> 39222.618
D15: 12 | E15: kg | G15: =[1]主桥下部数量表!$L$19 -> 2024.9757 | J15: =SUM(F15:I15) -> 2024.9757
B16: HPB300 | D16: 10 | E16: kg | G16: =[1]主桥下部数量表!$L$20 -> 45566.712 | J16: =SUM(F16:I16) -> 45566.712
A17: 12冷轧带肋钢筋网 | E17: kg | G17: =[1]主桥下部数量表!$L$22 -> 5715.8408 | J17: =SUM(F17:I17) -> 5715.8408
A18: 钢材 | B18: Q355D | D18: t=8 | E18: kg | H18: =[2]拱肋数量汇总表!$N$7 -> 111311.86 | J18: =SUM(F18:I18) -> 111311.86
D19: t=10 | E19: kg | F19: =[3]主梁工程数量表!$K$3 -> 31868.064 | H19: =[2]拱肋数量汇总表!$N$8 -> 2426.7804 | J19: =SUM(F19:I19) -> 34294.845
D20: t=12 | E20: kg | F20: =[3]主梁工程数量表!$K$4 -> 696185.45 | H20: =[2]拱肋数量汇总表!$N$9 -> 109902.34 | J20: =SUM(F20:I20) -> 806087.79
D21: t=14 | E21: kg | F21: =[3]主梁工程数量表!$K$5 -> 237040.76 | J21: =SUM(F21:I21) -> 237040.76
D22: t=16 | E22: kg | F22: =[3]主梁工程数量表!$K$6 -> 1231149.2 | H22: =[2]拱肋数量汇总表!$N$10 -> 255725.39 | J22: =SUM(F22:I22) -> 1486874.5
D23: t=18 | E23: kg | H23: =[2]拱肋数量汇总表!$N$11 -> 5595.6502 | J23: =SUM(F23:I23) -> 5595.6502
D24: t=20 | E24: kg | F24: =[3]主梁工程数量表!$K$7 -> 40713.102 | H24: =[2]拱肋数量汇总表!$N$12 -> 4381.3857 | J24: =SUM(F24:I24) -> 45094.488
D25: t=24 | E25: kg | F25: =[3]主梁工程数量表!$K$8 -> 136557.4 | H25: =[2]拱肋数量汇总表!$N$13 -> 512165.88 | J25: =SUM(F25:I25) -> 648723.27
D26: t=28 | E26: kg | F26: =[3]主梁工程数量表!$K$9 -> 382736.8 | H26: =[2]拱肋数量汇总表!$N$14 -> 334839.27 | J26: =SUM(F26:I26) -> 717576.08
D27: t=32 | E27: kg | F27: =[3]主梁工程数量表!$K$10 -> 123645.59 | H27: =[2]拱肋数量汇总表!$N$15 -> 235487.33 | J27: =SUM(F27:I27) -> 359132.92
D28: t=36 | E28: kg | F28: =[3]主梁工程数量表!$K$11 -> 178455.6 | H28: =[2]拱肋数量汇总表!$N$16 -> 339143.35 | J28: =SUM(F28:I28) -> 517598.96
D29: t=40 | E29: kg | F29: =[3]主梁工程数量表!$K$12 -> 180689.7 | H29: =[2]拱肋数量汇总表!$N$17 -> 266923.4 | J29: =SUM(F29:I29) -> 447613.1
D30: t=42 | E30: kg | F30: =[3]主梁工程数量表!$K$13 -> 10531.937 | H30: =[2]拱肋数量汇总表!$N$18 -> 6092.9 | J30: =SUM(F30:I30) -> 16624.837
D31: t=50 | E31: kg | F31: =[3]主梁工程数量表!$K$14 -> 56340.605 | H31: =[2]拱肋数量汇总表!$N$19 -> 154830 | J31: =SUM(F31:I31) -> 211170.61
D32: t=60 | E32: kg | F32: =[3]主梁工程数量表!$K$15 -> 5631.428 | H32: =[2]拱肋数量汇总表!$N$20 -> 38724.7 | J32: =SUM(F32:I32) -> 44356.128
D33: U型肋(t=8) | E33: kg | F33: =[3]主梁工程数量表!$K$16 -> 5907.1383 | J33: =SUM(F33:I33) -> 5907.1383
B34: Q355C | D34: t=5 | E34: kg | I34: =[4]桥面系工程数量汇总!$P$23 -> 264706.8 | J34: =SUM(F34:I34) -> 264706.8
D35: t=8 | E35: kg | I35: =[4]桥面系工程数量汇总!$P$24 -> 1656 | J35: =SUM(F35:I35) -> 1656
D36: t=10 | E36: kg | I36: =[4]桥面系工程数量汇总!$P$25 -> 2870.4 | J36: =SUM(F36:I36) -> 2870.4
D37: t=12 | E37: kg | I37: =[4]桥面系工程数量汇总!$P$26 -> 6900 | J37: =SUM(F37:I37) -> 6900
D38: t=14 | E38: kg | I38: =[4]桥面系工程数量汇总!$P$27 -> 1048.8 | J38: =SUM(F38:I38) -> 1048.8
D39: t=50 | E39: kg | I39: =[4]桥面系工程数量汇总!$P$28 -> 26233.8 | J39: =SUM(F39:I39) -> 26233.8
B40: Q235B | D40: t=4 | E40: kg | H40: =[2]拱肋数量汇总表!$N$21 -> 12885.157 | I40: =[4]桥面系工程数量汇总!$P$9 -> 41604.457 | J40: =SUM(F40:I40) -> 54489.614
D41: t=6 | E41: kg | H41: =[2]拱肋数量汇总表!$N$22 -> 22914.791 | I41: =[4]桥面系工程数量汇总!$P$10 -> 1366.2372 | J41: =SUM(F41:I41) -> 24281.028
D42: t=8 | E42: kg | I42: =[4]桥面系工程数量汇总!$P$11 -> 61387.2 | J42: =SUM(F42:I42) -> 61387.2
D43: t=10 | E43: kg | H43: =[2]拱肋数量汇总表!$N$23 -> 36935.415 | I43: =[4]桥面系工程数量汇总!$P$12 -> 59934.545 | J43: =SUM(F43:I43) -> 96869.959
D44: t=12 | E44: kg | I44: =[4]桥面系工程数量汇总!$P$13 -> 22288.5 | J44: =SUM(F44:I44) -> 22288.5
D45: t=14 | E45: kg | I45: =[4]桥面系工程数量汇总!$P$14 -> 52426 | J45: =SUM(F45:I45) -> 52426
D46: t=15 | E46: kg | I46: =[4]桥面系工程数量汇总!$P$15 -> 461.61014 | J46: =SUM(F46:I46) -> 461.61014
D47: t=16 | E47: kg | I47: =[4]桥面系工程数量汇总!$P$16 -> 326.9373 | J47: =SUM(F47:I47) -> 326.9373
D48: t=20 | E48: kg | I48: =[4]桥面系工程数量汇总!$P$17 -> 4568.7079 | J48: =SUM(F48:I48) -> 4568.7079
D49: t=28 | E49: kg | I49: =[4]桥面系工程数量汇总!$P$18 -> 1171.534 | J49: =SUM(F49:I49) -> 1171.534
D50: t=40 | E50: kg | I50: =[4]桥面系工程数量汇总!$P$18 -> 1171.534 | J50: =SUM(F50:I50) -> 1171.534
D51: t=50 | E51: kg | I51: =[4]桥面系工程数量汇总!$P$19 -> 408.2 | J51: =SUM(F51:I51) -> 408.2
D52: φ150×8钢管 | E52: kg | I52: =[4]桥面系工程数量汇总!$P$20 -> 1070.6018 | J52: =SUM(F52:I52) -> 1070.6018
D53: φ377×8钢管 | E53: kg | I53: =[4]桥面系工程数量汇总!$P$21 -> 14725.49 | J53: =SUM(F53:I53) -> 14725.49
B54: Q235C | D54: t=4 | E54: kg | G54: =[1]主桥下部数量表!$L$12 -> 28807.319 | J54: =SUM(F54:I54) -> 28807.319
D55: t=8 | E55: kg | G55: =[1]主桥下部数量表!$L$11 -> 7587.5069 | J55: =SUM(F55:I55) -> 7587.5069
D56: t=12 | E56: kg | G56: =[1]主桥下部数量表!$L$10 -> 978.5496 | J56: =SUM(F56:I56) -> 978.5496
B57: 1Cr18Ni12 | D57: t=5 | E57: kg | G57: =[1]主桥下部数量表!$L$9 -> 62.8 | J57: =SUM(F57:I57) -> 62.8
B58: 30Mn | D58: t=282 | E58: kg | H58: =[2]拱肋数量汇总表!$N$24 -> 15443.305 | J58: =SUM(F58:I58) -> 15443.305
B59: S355N | D59: t=40 | E59: kg | H59: =[2]拱肋数量汇总表!$N$25 -> 5609.1549 | J59: =SUM(F59:I59) -> 5609.1549
D60: t=50 | E60: kg | H60: =[2]拱肋数量汇总表!$N$26 -> 3156.6723 | J60: =SUM(F60:I60) -> 3156.6723
B61: 40Cr | D61: D200 | E61: kg | H61: =[2]拱肋数量汇总表!$N$27 -> 1104.8353 | J61: =SUM(F61:I61) -> 1104.8353
B62: ZG310-570 | D62: t=110 | E62: kg | H62: =[2]拱肋数量汇总表!$N$28 -> 3215.674 | J62: =SUM(F62:I62) -> 3215.674
B63: 小计 | E63: kg | F63: =SUM(F18:F62) -> 3317452.7 | G63: =SUM(G18:G62) -> 37436.175 | H63: =SUM(H18:H62) -> 2478815.2 | J63: =SUM(F63:I63) -> 5833704.2
A64: 螺栓 | B64: M30 | E64: 套 | H64: =[2]拱肋数量汇总表!$N$30 -> 800 | I64: =[4]桥面系工程数量汇总!$P$30 -> 64708.2 | J64: =SUM(F64:I64) -> 65508.2
B65: M24 | E65: 套 | F65: =[3]主梁工程数量表!$K$18 -> 2640 | J65: =SUM(F65:I65) -> 2640
B66: M22 | E66: 套 | F66: =[3]主梁工程数量表!$K$19 -> 9600 | I66: =[4]桥面系工程数量汇总!$P$31 -> 2484 | J66: =SUM(F66:I66) -> 12084
B67: M16 | E67: 套 | G67: =[1]主桥下部数量表!$L$26 -> 32 | I67: =[4]桥面系工程数量汇总!$P$32 -> 20 | J67: =SUM(F67:I67) -> 52
B68: M14 | E68: 套 | I68: =[4]桥面系工程数量汇总!$P$33 -> 362 | J68: =SUM(F68:I68) -> 362
B69: M12 | E69: 套 | I69: =[4]桥面系工程数量汇总!$P$34 -> 4032 | J69: =SUM(F69:I69) -> 4032
A70: 钢筋连接器 | B70: 25 | E70: 个 | G70: =[1]主桥下部数量表!$L$23 -> 4256 | J70: =SUM(F70:I70) -> 4256
B71: 28 | E71: 个 | G71: =[1]主桥下部数量表!$L$24 -> 492 | J71: =SUM(F71:I71) -> 492
B72: 32 | E72: 个 | G72: =[1]主桥下部数量表!$L$25 -> 544 | J72: =SUM(F72:I72) -> 544
A73: 声测管 | B73: Q235B | C73: φ57×3(mm) | E73: kg | G73: =[1]主桥下部数量表!$L$27 -> 24162.8 | J73: =SUM(F73:I73) -> 24162.8
A74: 涂装 | B74: 外表面涂装 | E74: m2 | F74: =[3]主梁工程数量表!$K$20 -> 26955.971 | G74: =[1]主桥下部数量表!$L$28 -> 1100.0065 | H74: =[2]拱肋数量汇总表!$N$31 -> 17979.908 | I74: =[4]桥面系工程数量汇总!$P$44 -> 10.66 | J74: =SUM(F74:I74) -> 46046.545
B75: 内表面涂装 | E75: m2 | F75: =[3]主梁工程数量表!$K$21 -> 21012.156 | H75: =[2]拱肋数量汇总表!$N$32 -> 39631.094 | I75: =[4]桥面系工程数量汇总!$P$45 -> 5188.9965 | J75: =SUM(F75:I75) -> 65832.246
A76: 密封门 | B76: AY-1690-8-90×12-6.1 | E76: 个 | F76: =[3]主梁工程数量表!$K$22 -> 4 | J76: =SUM(F76:I76) -> 4
A77: 铜带 | B77: 4×50 | E77: m | G77: =[1]主桥下部数量表!$L$29 -> 16 | J77: =SUM(F77:I77) -> 16
A78: C35混凝土定位块 | E78: 个 | G78: =[1]主桥下部数量表!$L$30 -> 3976 | J78: =SUM(F78:I78) -> 3976
A79: 冷却管 | B79: φ42.3×3.25 | E79: kg | G79: =[1]主桥下部数量表!$L$31 -> 1807.7002 | J79: =SUM(F79:I79) -> 1807.7002
A80: 弯头 | B80: φ150×150 | E80: 个 | I80: =[4]桥面系工程数量汇总!$P$39 -> 13248 | J80: =SUM(F80:I80) -> 13248
B81: φ377×377 | E81: 个 | I81: =[4]桥面系工程数量汇总!$P$40 -> 82 | J81: =SUM(F81:I81) -> 82
A82: 三通 | B82: φ150×150×150 | E82: 个 | I82: =[4]桥面系工程数量汇总!$P$41 -> 8 | J82: =SUM(F82:I82) -> 8
B83: φ150×377×377 | E83: 个 | I83: =[4]桥面系工程数量汇总!$P$42 -> 82 | J83: =SUM(F83:I83) -> 82
A84: 聚酯螺旋排水管 | E84: m | I84: =[4]桥面系工程数量汇总!$P$43 -> 82 | J84: =SUM(F84:I84) -> 82
A85: 法兰伸缩器 | B85: YSSJA-2法兰限位伸缩器 | E85: 个 | I85: =[4]桥面系工程数量汇总!$P$51 -> 8392.8187 | J85: =SUM(F85:I85) -> 8392.8187
A86: 铺装 | B86: 环氧沥青混合料EA10 | E86: m2 | I86: =[4]桥面系工程数量汇总!$P$46 -> 3161.0296 | J86: =SUM(F86:I86) -> 3161.0296
B87: 水泥砂浆 | E87: m2 | I87: =[4]桥面系工程数量汇总!$P$47 -> 4788.36 | J87: =SUM(F87:I87) -> 4788.36
B88: 花岗岩方砖 | E88: m2 | I88: =[4]桥面系工程数量汇总!$P$48 -> 962.88 | J88: =SUM(F88:I88) -> 962.88
B89: 环氧沥青涂层 | E89: m2 | I89: =[4]桥面系工程数量汇总!$P$49 -> 962.88 | J89: =SUM(F89:I89) -> 962.88
B90: 防水层 | E90: m2 | I90: =[4]桥面系工程数量汇总!$P$50 -> 1426.32 | J90: =SUM(F90:I90) -> 1426.32
A91: 伸缩缝 | B91: 240型 | E91: m/道 | I91: =[4]桥面系工程数量汇总!$P$52 -> 4 | J91: =I91 -> 4
A92: 支座 | B92: 20000单向 | E92: 个 | G92: =[1]主桥下部数量表!$L$32 -> 1 | J92: =SUM(F92:I92) -> 1
B93: 20000双向 | E93: 个 | G93: =[1]主桥下部数量表!$L$33 -> 1 | J93: =SUM(F93:I93) -> 1
B94: 27500单向 | E94: 个 | G94: =[1]主桥下部数量表!$L$34 -> 1 | J94: =SUM(F94:I94) -> 1
B95: 27500双向 | E95: 个 | G95: =[1]主桥下部数量表!$L$35 -> 1 | J95: =SUM(F95:I95) -> 1
B96: 22500固定 | E96: 个 | G96: =[1]主桥下部数量表!$L$36 -> 1 | J96: =SUM(F96:I96) -> 1
B97: 22500单向 | E97: 个 | G97: =[1]主桥下部数量表!$L$37 -> 2 | J97: =SUM(F97:I97) -> 2
B98: 22500双向 | E98: 个 | G98: =[1]主桥下部数量表!$L$38 -> 1 | J98: =SUM(F98:I98) -> 1
B99: 3000单向(副拱,位于引桥) | E99: 个 | G99: =[1]主桥下部数量表!$L$39 -> 4 | J99: =SUM(F99:I99) -> 4
A100: 氯丁橡胶止水带 | B100: 50×959 | E100: m | I100: =[4]桥面系工程数量汇总!$P$53 -> 49/2 | J100: =SUM(F100:I100) -> 0
